[2025-10-23 17:44:07] local.ERROR: mkdir(): No such file or directory {"exception":"[object] (ErrorException(code: 0): mkdir(): No such file or directory at /media/tinkin/tinkin/laravel/projects/gestions-comptes/vendor/laravel/framework/src/Illuminate/Filesystem/Filesystem.php:651)
[stacktrace]
#0 /media/tinkin/tinkin/laravel/projects/gestions-comptes/vendor/laravel/framework/src/Illuminate/Foundation/Bootstrap/HandleExceptions.php(255): Illuminate\\Foundation\\Bootstrap\\HandleExceptions->handleError()
#1 [internal function]: Illuminate\\Foundation\\Bootstrap\\HandleExceptions->{closure:Illuminate\\Foundation\\Bootstrap\\HandleExceptions::forwardsTo():254}()
#2 /media/tinkin/tinkin/laravel/projects/gestions-comptes/vendor/laravel/framework/src/Illuminate/Filesystem/Filesystem.php(651): mkdir()
#3 /media/tinkin/tinkin/laravel/projects/gestions-comptes/vendor/darkaonline/l5-swagger/src/Generator.php(152): Illuminate\\Filesystem\\Filesystem->makeDirectory()
#4 /media/tinkin/tinkin/laravel/projects/gestions-comptes/vendor/darkaonline/l5-swagger/src/Generator.php(130): L5Swagger\\Generator->prepareDirectory()
#5 /media/tinkin/tinkin/laravel/projects/gestions-comptes/vendor/darkaonline/l5-swagger/src/Console/GenerateDocsCommand.php(72): L5Swagger\\Generator->generateDocs()
#6 /media/tinkin/tinkin/laravel/projects/gestions-comptes/vendor/darkaonline/l5-swagger/src/Console/GenerateDocsCommand.php(58): L5Swagger\\Console\\GenerateDocsCommand->generateDocumentation()
#7 /media/tinkin/tinkin/laravel/projects/gestions-comptes/vendor/laravel/framework/src/Illuminate/Container/BoundMethod.php(36): L5Swagger\\Console\\GenerateDocsCommand->handle()
#8 /media/tinkin/tinkin/laravel/projects/gestions-comptes/vendor/laravel/framework/src/Illuminate/Container/Util.php(41): Illuminate\\Container\\BoundMethod::{closure:Illuminate\\Container\\BoundMethod::call():35}()
#9 /media/tinkin/tinkin/laravel/projects/gestions-comptes/vendor/laravel/framework/src/Illuminate/Container/BoundMethod.php(93): Illuminate\\Container\\Util::unwrapIfClosure()
#10 /media/tinkin/tinkin/laravel/projects/gestions-comptes/vendor/laravel/framework/src/Illuminate/Container/BoundMethod.php(35): Illuminate\\Container\\BoundMethod::callBoundMethod()
#11 /media/tinkin/tinkin/laravel/projects/gestions-comptes/vendor/laravel/framework/src/Illuminate/Container/Container.php(662): Illuminate\\Container\\BoundMethod::call()
#12 /media/tinkin/tinkin/laravel/projects/gestions-comptes/vendor/laravel/framework/src/Illuminate/Console/Command.php(211): Illuminate\\Container\\Container->call()
#13 /media/tinkin/tinkin/laravel/projects/gestions-comptes/vendor/symfony/console/Command/Command.php(326): Illuminate\\Console\\Command->execute()
#14 /media/tinkin/tinkin/laravel/projects/gestions-comptes/vendor/laravel/framework/src/Illuminate/Console/Command.php(180): Symfony\\Component\\Console\\Command\\Command->run()
#15 /media/tinkin/tinkin/laravel/projects/gestions-comptes/vendor/symfony/console/Application.php(1096): Illuminate\\Console\\Command->run()
#16 /media/tinkin/tinkin/laravel/projects/gestions-comptes/vendor/symfony/console/Application.php(324): Symfony\\Component\\Console\\Application->doRunCommand()
#17 /media/tinkin/tinkin/laravel/projects/gestions-comptes/vendor/symfony/console/Application.php(175): Symfony\\Component\\Console\\Application->doRun()
#18 /media/tinkin/tinkin/laravel/projects/gestions-comptes/vendor/laravel/framework/src/Illuminate/Foundation/Console/Kernel.php(201): Symfony\\Component\\Console\\Application->run()
#19 /media/tinkin/tinkin/laravel/projects/gestions-comptes/artisan(35): Illuminate\\Foundation\\Console\\Kernel->handle()
#20 {main}
"} 
[2025-10-23 17:44:21] local.ERROR: Required @OA\PathItem() not found {"exception":"[object] (ErrorException(code: 0): Required @OA\\PathItem() not found at /media/tinkin/tinkin/laravel/projects/gestions-comptes/vendor/zircote/swagger-php/src/Loggers/DefaultLogger.php:31)
[stacktrace]
#0 /media/tinkin/tinkin/laravel/projects/gestions-comptes/vendor/laravel/framework/src/Illuminate/Foundation/Bootstrap/HandleExceptions.php(255): Illuminate\\Foundation\\Bootstrap\\HandleExceptions->handleError()
#1 [internal function]: Illuminate\\Foundation\\Bootstrap\\HandleExceptions->{closure:Illuminate\\Foundation\\Bootstrap\\HandleExceptions::forwardsTo():254}()
#2 /media/tinkin/tinkin/laravel/projects/gestions-comptes/vendor/zircote/swagger-php/src/Loggers/DefaultLogger.php(31): trigger_error()
#3 /media/tinkin/tinkin/laravel/projects/gestions-comptes/vendor/psr/log/src/LoggerTrait.php(61): OpenApi\\Loggers\\DefaultLogger->log()
#4 /media/tinkin/tinkin/laravel/projects/gestions-comptes/vendor/zircote/swagger-php/src/Annotations/OpenApi.php(157): Psr\\Log\\AbstractLogger->warning()
#5 /media/tinkin/tinkin/laravel/projects/gestions-comptes/vendor/zircote/swagger-php/src/Analysis.php(440): OpenApi\\Annotations\\OpenApi->validate()
#6 /media/tinkin/tinkin/laravel/projects/gestions-comptes/vendor/zircote/swagger-php/src/Generator.php(511): OpenApi\\Analysis->validate()
#7 /media/tinkin/tinkin/laravel/projects/gestions-comptes/vendor/darkaonline/l5-swagger/src/Generator.php(191): OpenApi\\Generator->generate()
#8 /media/tinkin/tinkin/laravel/projects/gestions-comptes/vendor/darkaonline/l5-swagger/src/Generator.php(132): L5Swagger\\Generator->scanFilesForDocumentation()
#9 /media/tinkin/tinkin/laravel/projects/gestions-comptes/vendor/darkaonline/l5-swagger/src/Console/GenerateDocsCommand.php(72): L5Swagger\\Generator->generateDocs()
#10 /media/tinkin/tinkin/laravel/projects/gestions-comptes/vendor/darkaonline/l5-swagger/src/Console/GenerateDocsCommand.php(58): L5Swagger\\Console\\GenerateDocsCommand->generateDocumentation()
#11 /media/tinkin/tinkin/laravel/projects/gestions-comptes/vendor/laravel/framework/src/Illuminate/Container/BoundMethod.php(36): L5Swagger\\Console\\GenerateDocsCommand->handle()
#12 /media/tinkin/tinkin/laravel/projects/gestions-comptes/vendor/laravel/framework/src/Illuminate/Container/Util.php(41): Illuminate\\Container\\BoundMethod::{closure:Illuminate\\Container\\BoundMethod::call():35}()
#13 /media/tinkin/tinkin/laravel/projects/gestions-comptes/vendor/laravel/framework/src/Illuminate/Container/BoundMethod.php(93): Illuminate\\Container\\Util::unwrapIfClosure()
#14 /media/tinkin/tinkin/laravel/projects/gestions-comptes/vendor/laravel/framework/src/Illuminate/Container/BoundMethod.php(35): Illuminate\\Container\\BoundMethod::callBoundMethod()
#15 /media/tinkin/tinkin/laravel/projects/gestions-comptes/vendor/laravel/framework/src/Illuminate/Container/Container.php(662): Illuminate\\Container\\BoundMethod::call()
#16 /media/tinkin/tinkin/laravel/projects/gestions-comptes/vendor/laravel/framework/src/Illuminate/Console/Command.php(211): Illuminate\\Container\\Container->call()
#17 /media/tinkin/tinkin/laravel/projects/gestions-comptes/vendor/symfony/console/Command/Command.php(326): Illuminate\\Console\\Command->execute()
#18 /media/tinkin/tinkin/laravel/projects/gestions-comptes/vendor/laravel/framework/src/Illuminate/Console/Command.php(180): Symfony\\Component\\Console\\Command\\Command->run()
#19 /media/tinkin/tinkin/laravel/projects/gestions-comptes/vendor/symfony/console/Application.php(1096): Illuminate\\Console\\Command->run()
#20 /media/tinkin/tinkin/laravel/projects/gestions-comptes/vendor/symfony/console/Application.php(324): Symfony\\Component\\Console\\Application->doRunCommand()
#21 /media/tinkin/tinkin/laravel/projects/gestions-comptes/vendor/symfony/console/Application.php(175): Symfony\\Component\\Console\\Application->doRun()
#22 /media/tinkin/tinkin/laravel/projects/gestions-comptes/vendor/laravel/framework/src/Illuminate/Foundation/Console/Kernel.php(201): Symfony\\Component\\Console\\Application->run()
#23 /media/tinkin/tinkin/laravel/projects/gestions-comptes/artisan(35): Illuminate\\Foundation\\Console\\Kernel->handle()
#24 {main}
"} 
[2025-10-23 17:46:09] local.ERROR: Please provide a valid cache path. {"exception":"[object] (InvalidArgumentException(code: 0): Please provide a valid cache path. at /media/tinkin/tinkin/laravel/projects/gestions-comptes/vendor/laravel/framework/src/Illuminate/View/Compilers/Compiler.php:67)
[stacktrace]
#0 /media/tinkin/tinkin/laravel/projects/gestions-comptes/vendor/laravel/framework/src/Illuminate/View/ViewServiceProvider.php(97): Illuminate\\View\\Compilers\\Compiler->__construct()
#1 /media/tinkin/tinkin/laravel/projects/gestions-comptes/vendor/laravel/framework/src/Illuminate/Container/Container.php(908): Illuminate\\View\\ViewServiceProvider->{closure:Illuminate\\View\\ViewServiceProvider::registerBladeCompiler():96}()
#2 /media/tinkin/tinkin/laravel/projects/gestions-comptes/vendor/laravel/framework/src/Illuminate/Container/Container.php(795): Illuminate\\Container\\Container->build()
#3 /media/tinkin/tinkin/laravel/projects/gestions-comptes/vendor/laravel/framework/src/Illuminate/Foundation/Application.php(986): Illuminate\\Container\\Container->resolve()
#4 /media/tinkin/tinkin/laravel/projects/gestions-comptes/vendor/laravel/framework/src/Illuminate/Container/Container.php(731): Illuminate\\Foundation\\Application->resolve()
#5 /media/tinkin/tinkin/laravel/projects/gestions-comptes/vendor/laravel/framework/src/Illuminate/Foundation/Application.php(971): Illuminate\\Container\\Container->make()
#6 /media/tinkin/tinkin/laravel/projects/gestions-comptes/vendor/laravel/framework/src/Illuminate/View/ViewServiceProvider.php(168): Illuminate\\Foundation\\Application->make()
#7 [internal function]: Illuminate\\View\\ViewServiceProvider->{closure:Illuminate\\View\\ViewServiceProvider::registerBladeEngine():164}()
#8 /media/tinkin/tinkin/laravel/projects/gestions-comptes/vendor/laravel/framework/src/Illuminate/View/Engines/EngineResolver.php(55): call_user_func()
#9 /media/tinkin/tinkin/laravel/projects/gestions-comptes/vendor/laravel/framework/src/Illuminate/View/Factory.php(310): Illuminate\\View\\Engines\\EngineResolver->resolve()
#10 /media/tinkin/tinkin/laravel/projects/gestions-comptes/vendor/laravel/framework/src/Illuminate/View/Factory.php(274): Illuminate\\View\\Factory->getEngineFromPath()
#11 /media/tinkin/tinkin/laravel/projects/gestions-comptes/vendor/laravel/framework/src/Illuminate/View/Factory.php(146): Illuminate\\View\\Factory->viewInstance()
#12 /media/tinkin/tinkin/laravel/projects/gestions-comptes/vendor/laravel/framework/src/Illuminate/Foundation/helpers.php(1020): Illuminate\\View\\Factory->make()
#13 /media/tinkin/tinkin/laravel/projects/gestions-comptes/vendor/darkaonline/l5-swagger/src/Http/Controllers/SwaggerController.php(120): view()
#14 /media/tinkin/tinkin/laravel/projects/gestions-comptes/vendor/laravel/framework/src/Illuminate/Routing/Controller.php(54): L5Swagger\\Http\\Controllers\\SwaggerController->api()
#15 /media/tinkin/tinkin/laravel/projects/gestions-comptes/vendor/laravel/framework/src/Illuminate/Routing/ControllerDispatcher.php(43): Illuminate\\Routing\\Controller->callAction()
#16 /media/tinkin/tinkin/laravel/projects/gestions-comptes/vendor/laravel/framework/src/Illuminate/Routing/Route.php(259): Illuminate\\Routing\\ControllerDispatcher->dispatch()
#17 /media/tinkin/tinkin/laravel/projects/gestions-comptes/vendor/laravel/framework/src/Illuminate/Routing/Route.php(205): Illuminate\\Routing\\Route->runController()
#18 /media/tinkin/tinkin/laravel/projects/gestions-comptes/vendor/laravel/framework/src/Illuminate/Routing/Router.php(806): Illuminate\\Routing\\Route->run()
#19 /media/tinkin/tinkin/laravel/projects/gestions-comptes/vendor/laravel/framework/src/Illuminate/Pipeline/Pipeline.php(144): Illuminate\\Routing\\Router->{closure:Illuminate\\Routing\\Router::runRouteWithinStack():805}()
#20 /media/tinkin/tinkin/laravel/projects/gestions-comptes/vendor/darkaonline/l5-swagger/src/Http/Middleware/Config.php(44): Illuminate\\Pipeline\\Pipeline->{closure:Illuminate\\Pipeline\\Pipeline::prepareDestination():142}()
#21 /media/tinkin/tinkin/laravel/projects/gestions-comptes/vendor/laravel/framework/src/Illuminate/Pipeline/Pipeline.php(183): L5Swagger\\Http\\Middleware\\Config->handle()
#22 /media/tinkin/tinkin/laravel/projects/gestions-comptes/vendor/laravel/framework/src/Illuminate/Pipeline/Pipeline.php(119): Illuminate\\Pipeline\\Pipeline->{closure:{closure:Illuminate\\Pipeline\\Pipeline::carry():158}:159}()
#23 /media/tinkin/tinkin/laravel/projects/gestions-comptes/vendor/laravel/framework/src/Illuminate/Routing/Router.php(805): Illuminate\\Pipeline\\Pipeline->then()
#24 /media/tinkin/tinkin/laravel/projects/gestions-comptes/vendor/laravel/framework/src/Illuminate/Routing/Router.php(784): Illuminate\\Routing\\Router->runRouteWithinStack()
#25 /media/tinkin/tinkin/laravel/projects/gestions-comptes/vendor/laravel/framework/src/Illuminate/Routing/Router.php(748): Illuminate\\Routing\\Router->runRoute()
#26 /media/tinkin/tinkin/laravel/projects/gestions-comptes/vendor/laravel/framework/src/Illuminate/Routing/Router.php(737): Illuminate\\Routing\\Router->dispatchToRoute()
#27 /media/tinkin/tinkin/laravel/projects/gestions-comptes/vendor/laravel/framework/src/Illuminate/Foundation/Http/Kernel.php(200): Illuminate\\Routing\\Router->dispatch()
#28 /media/tinkin/tinkin/laravel/projects/gestions-comptes/vendor/laravel/framework/src/Illuminate/Pipeline/Pipeline.php(144): Illuminate\\Foundation\\Http\\Kernel->{closure:Illuminate\\Foundation\\Http\\Kernel::dispatchToRouter():197}()
#29 /media/tinkin/tinkin/laravel/projects/gestions-comptes/vendor/barryvdh/laravel-debugbar/src/Middleware/InjectDebugbar.php(66): Illuminate\\Pipeline\\Pipeline->{closure:Illuminate\\Pipeline\\Pipeline::prepareDestination():142}()
#30 /media/tinkin/tinkin/laravel/projects/gestions-comptes/vendor/laravel/framework/src/Illuminate/Pipeline/Pipeline.php(183): Barryvdh\\Debugbar\\Middleware\\InjectDebugbar->handle()
#31 /media/tinkin/tinkin/laravel/projects/gestions-comptes/vendor/laravel/framework/src/Illuminate/Foundation/Http/Middleware/TransformsRequest.php(21): Illuminate\\Pipeline\\Pipeline->{closure:{closure:Illuminate\\Pipeline\\Pipeline::carry():158}:159}()
#32 /media/tinkin/tinkin/laravel/projects/gestions-comptes/vendor/laravel/framework/src/Illuminate/Foundation/Http/Middleware/ConvertEmptyStringsToNull.php(31): Illuminate\\Foundation\\Http\\Middleware\\TransformsRequest->handle()
#33 /media/tinkin/tinkin/laravel/projects/gestions-comptes/vendor/laravel/framework/src/Illuminate/Pipeline/Pipeline.php(183): Illuminate\\Foundation\\Http\\Middleware\\ConvertEmptyStringsToNull->handle()
#34 /media/tinkin/tinkin/laravel/projects/gestions-comptes/vendor/laravel/framework/src/Illuminate/Foundation/Http/Middleware/TransformsRequest.php(21): Illuminate\\Pipeline\\Pipeline->{closure:{closure:Illuminate\\Pipeline\\Pipeline::carry():158}:159}()
#35 /media/tinkin/tinkin/laravel/projects/gestions-comptes/vendor/laravel/framework/src/Illuminate/Foundation/Http/Middleware/TrimStrings.php(40): Illuminate\\Foundation\\Http\\Middleware\\TransformsRequest->handle()
#36 /media/tinkin/tinkin/laravel/projects/gestions-comptes/vendor/laravel/framework/src/Illuminate/Pipeline/Pipeline.php(183): Illuminate\\Foundation\\Http\\Middleware\\TrimStrings->handle()
#37 /media/tinkin/tinkin/laravel/projects/gestions-comptes/vendor/laravel/framework/src/Illuminate/Foundation/Http/Middleware/ValidatePostSize.php(27): Illuminate\\Pipeline\\Pipeline->{closure:{closure:Illuminate\\Pipeline\\Pipeline::carry():158}:159}()
#38 /media/tinkin/tinkin/laravel/projects/gestions-comptes/vendor/laravel/framework/src/Illuminate/Pipeline/Pipeline.php(183): Illuminate\\Foundation\\Http\\Middleware\\ValidatePostSize->handle()
#39 /media/tinkin/tinkin/laravel/projects/gestions-comptes/vendor/laravel/framework/src/Illuminate/Foundation/Http/Middleware/PreventRequestsDuringMaintenance.php(99): Illuminate\\Pipeline\\Pipeline->{closure:{closure:Illuminate\\Pipeline\\Pipeline::carry():158}:159}()
#40 /media/tinkin/tinkin/laravel/projects/gestions-comptes/vendor/laravel/framework/src/Illuminate/Pipeline/Pipeline.php(183): Illuminate\\Foundation\\Http\\Middleware\\PreventRequestsDuringMaintenance->handle()
#41 /media/tinkin/tinkin/laravel/projects/gestions-comptes/vendor/laravel/framework/src/Illuminate/Http/Middleware/HandleCors.php(62): Illuminate\\Pipeline\\Pipeline->{closure:{closure:Illuminate\\Pipeline\\Pipeline::carry():158}:159}()
#42 /media/tinkin/tinkin/laravel/projects/gestions-comptes/vendor/laravel/framework/src/Illuminate/Pipeline/Pipeline.php(183): Illuminate\\Http\\Middleware\\HandleCors->handle()
#43 /media/tinkin/tinkin/laravel/projects/gestions-comptes/vendor/laravel/framework/src/Illuminate/Http/Middleware/TrustProxies.php(39): Illuminate\\Pipeline\\Pipeline->{closure:{closure:Illuminate\\Pipeline\\Pipeline::carry():158}:159}()
#44 /media/tinkin/tinkin/laravel/projects/gestions-comptes/vendor/laravel/framework/src/Illuminate/Pipeline/Pipeline.php(183): Illuminate\\Http\\Middleware\\TrustProxies->handle()
#45 /media/tinkin/tinkin/laravel/projects/gestions-comptes/vendor/laravel/framework/src/Illuminate/Pipeline/Pipeline.php(119): Illuminate\\Pipeline\\Pipeline->{closure:{closure:Illuminate\\Pipeline\\Pipeline::carry():158}:159}()
#46 /media/tinkin/tinkin/laravel/projects/gestions-comptes/vendor/laravel/framework/src/Illuminate/Foundation/Http/Kernel.php(175): Illuminate\\Pipeline\\Pipeline->then()
#47 /media/tinkin/tinkin/laravel/projects/gestions-comptes/vendor/laravel/framework/src/Illuminate/Foundation/Http/Kernel.php(144): Illuminate\\Foundation\\Http\\Kernel->sendRequestThroughRouter()
#48 /media/tinkin/tinkin/laravel/projects/gestions-comptes/public/index.php(51): Illuminate\\Foundation\\Http\\Kernel->handle()
#49 /media/tinkin/tinkin/laravel/projects/gestions-comptes/vendor/laravel/framework/src/Illuminate/Foundation/resources/server.php(16): require_once('...')
#50 {main}
"} 
[2025-10-23 17:46:10] local.ERROR: Please provide a valid cache path. {"exception":"[object] (InvalidArgumentException(code: 0): Please provide a valid cache path. at /media/tinkin/tinkin/laravel/projects/gestions-comptes/vendor/laravel/framework/src/Illuminate/View/Compilers/Compiler.php:67)
[stacktrace]
#0 /media/tinkin/tinkin/laravel/projects/gestions-comptes/vendor/laravel/framework/src/Illuminate/View/ViewServiceProvider.php(97): Illuminate\\View\\Compilers\\Compiler->__construct()
#1 /media/tinkin/tinkin/laravel/projects/gestions-comptes/vendor/laravel/framework/src/Illuminate/Container/Container.php(908): Illuminate\\View\\ViewServiceProvider->{closure:Illuminate\\View\\ViewServiceProvider::registerBladeCompiler():96}()
#2 /media/tinkin/tinkin/laravel/projects/gestions-comptes/vendor/laravel/framework/src/Illuminate/Container/Container.php(795): Illuminate\\Container\\Container->build()
#3 /media/tinkin/tinkin/laravel/projects/gestions-comptes/vendor/laravel/framework/src/Illuminate/Foundation/Application.php(986): Illuminate\\Container\\Container->resolve()
#4 /media/tinkin/tinkin/laravel/projects/gestions-comptes/vendor/laravel/framework/src/Illuminate/Container/Container.php(731): Illuminate\\Foundation\\Application->resolve()
#5 /media/tinkin/tinkin/laravel/projects/gestions-comptes/vendor/laravel/framework/src/Illuminate/Foundation/Application.php(971): Illuminate\\Container\\Container->make()
#6 /media/tinkin/tinkin/laravel/projects/gestions-comptes/vendor/laravel/framework/src/Illuminate/View/ViewServiceProvider.php(168): Illuminate\\Foundation\\Application->make()
#7 [internal function]: Illuminate\\View\\ViewServiceProvider->{closure:Illuminate\\View\\ViewServiceProvider::registerBladeEngine():164}()
#8 /media/tinkin/tinkin/laravel/projects/gestions-comptes/vendor/laravel/framework/src/Illuminate/View/Engines/EngineResolver.php(55): call_user_func()
#9 /media/tinkin/tinkin/laravel/projects/gestions-comptes/vendor/laravel/framework/src/Illuminate/View/Factory.php(310): Illuminate\\View\\Engines\\EngineResolver->resolve()
#10 /media/tinkin/tinkin/laravel/projects/gestions-comptes/vendor/laravel/framework/src/Illuminate/View/Factory.php(274): Illuminate\\View\\Factory->getEngineFromPath()
#11 /media/tinkin/tinkin/laravel/projects/gestions-comptes/vendor/laravel/framework/src/Illuminate/View/Factory.php(146): Illuminate\\View\\Factory->viewInstance()
#12 /media/tinkin/tinkin/laravel/projects/gestions-comptes/vendor/laravel/framework/src/Illuminate/Foundation/helpers.php(1020): Illuminate\\View\\Factory->make()
#13 /media/tinkin/tinkin/laravel/projects/gestions-comptes/vendor/darkaonline/l5-swagger/src/Http/Controllers/SwaggerController.php(120): view()
#14 /media/tinkin/tinkin/laravel/projects/gestions-comptes/vendor/laravel/framework/src/Illuminate/Routing/Controller.php(54): L5Swagger\\Http\\Controllers\\SwaggerController->api()
#15 /media/tinkin/tinkin/laravel/projects/gestions-comptes/vendor/laravel/framework/src/Illuminate/Routing/ControllerDispatcher.php(43): Illuminate\\Routing\\Controller->callAction()
#16 /media/tinkin/tinkin/laravel/projects/gestions-comptes/vendor/laravel/framework/src/Illuminate/Routing/Route.php(259): Illuminate\\Routing\\ControllerDispatcher->dispatch()
#17 /media/tinkin/tinkin/laravel/projects/gestions-comptes/vendor/laravel/framework/src/Illuminate/Routing/Route.php(205): Illuminate\\Routing\\Route->runController()
#18 /media/tinkin/tinkin/laravel/projects/gestions-comptes/vendor/laravel/framework/src/Illuminate/Routing/Router.php(806): Illuminate\\Routing\\Route->run()
#19 /media/tinkin/tinkin/laravel/projects/gestions-comptes/vendor/laravel/framework/src/Illuminate/Pipeline/Pipeline.php(144): Illuminate\\Routing\\Router->{closure:Illuminate\\Routing\\Router::runRouteWithinStack():805}()
#20 /media/tinkin/tinkin/laravel/projects/gestions-comptes/vendor/darkaonline/l5-swagger/src/Http/Middleware/Config.php(44): Illuminate\\Pipeline\\Pipeline->{closure:Illuminate\\Pipeline\\Pipeline::prepareDestination():142}()
#21 /media/tinkin/tinkin/laravel/projects/gestions-comptes/vendor/laravel/framework/src/Illuminate/Pipeline/Pipeline.php(183): L5Swagger\\Http\\Middleware\\Config->handle()
#22 /media/tinkin/tinkin/laravel/projects/gestions-comptes/vendor/laravel/framework/src/Illuminate/Pipeline/Pipeline.php(119): Illuminate\\Pipeline\\Pipeline->{closure:{closure:Illuminate\\Pipeline\\Pipeline::carry():158}:159}()
#23 /media/tinkin/tinkin/laravel/projects/gestions-comptes/vendor/laravel/framework/src/Illuminate/Routing/Router.php(805): Illuminate\\Pipeline\\Pipeline->then()
#24 /media/tinkin/tinkin/laravel/projects/gestions-comptes/vendor/laravel/framework/src/Illuminate/Routing/Router.php(784): Illuminate\\Routing\\Router->runRouteWithinStack()
#25 /media/tinkin/tinkin/laravel/projects/gestions-comptes/vendor/laravel/framework/src/Illuminate/Routing/Router.php(748): Illuminate\\Routing\\Router->runRoute()
#26 /media/tinkin/tinkin/laravel/projects/gestions-comptes/vendor/laravel/framework/src/Illuminate/Routing/Router.php(737): Illuminate\\Routing\\Router->dispatchToRoute()
#27 /media/tinkin/tinkin/laravel/projects/gestions-comptes/vendor/laravel/framework/src/Illuminate/Foundation/Http/Kernel.php(200): Illuminate\\Routing\\Router->dispatch()
#28 /media/tinkin/tinkin/laravel/projects/gestions-comptes/vendor/laravel/framework/src/Illuminate/Pipeline/Pipeline.php(144): Illuminate\\Foundation\\Http\\Kernel->{closure:Illuminate\\Foundation\\Http\\Kernel::dispatchToRouter():197}()
#29 /media/tinkin/tinkin/laravel/projects/gestions-comptes/vendor/barryvdh/laravel-debugbar/src/Middleware/InjectDebugbar.php(66): Illuminate\\Pipeline\\Pipeline->{closure:Illuminate\\Pipeline\\Pipeline::prepareDestination():142}()
#30 /media/tinkin/tinkin/laravel/projects/gestions-comptes/vendor/laravel/framework/src/Illuminate/Pipeline/Pipeline.php(183): Barryvdh\\Debugbar\\Middleware\\InjectDebugbar->handle()
#31 /media/tinkin/tinkin/laravel/projects/gestions-comptes/vendor/laravel/framework/src/Illuminate/Foundation/Http/Middleware/TransformsRequest.php(21): Illuminate\\Pipeline\\Pipeline->{closure:{closure:Illuminate\\Pipeline\\Pipeline::carry():158}:159}()
#32 /media/tinkin/tinkin/laravel/projects/gestions-comptes/vendor/laravel/framework/src/Illuminate/Foundation/Http/Middleware/ConvertEmptyStringsToNull.php(31): Illuminate\\Foundation\\Http\\Middleware\\TransformsRequest->handle()
#33 /media/tinkin/tinkin/laravel/projects/gestions-comptes/vendor/laravel/framework/src/Illuminate/Pipeline/Pipeline.php(183): Illuminate\\Foundation\\Http\\Middleware\\ConvertEmptyStringsToNull->handle()
#34 /media/tinkin/tinkin/laravel/projects/gestions-comptes/vendor/laravel/framework/src/Illuminate/Foundation/Http/Middleware/TransformsRequest.php(21): Illuminate\\Pipeline\\Pipeline->{closure:{closure:Illuminate\\Pipeline\\Pipeline::carry():158}:159}()
#35 /media/tinkin/tinkin/laravel/projects/gestions-comptes/vendor/laravel/framework/src/Illuminate/Foundation/Http/Middleware/TrimStrings.php(40): Illuminate\\Foundation\\Http\\Middleware\\TransformsRequest->handle()
#36 /media/tinkin/tinkin/laravel/projects/gestions-comptes/vendor/laravel/framework/src/Illuminate/Pipeline/Pipeline.php(183): Illuminate\\Foundation\\Http\\Middleware\\TrimStrings->handle()
#37 /media/tinkin/tinkin/laravel/projects/gestions-comptes/vendor/laravel/framework/src/Illuminate/Foundation/Http/Middleware/ValidatePostSize.php(27): Illuminate\\Pipeline\\Pipeline->{closure:{closure:Illuminate\\Pipeline\\Pipeline::carry():158}:159}()
#38 /media/tinkin/tinkin/laravel/projects/gestions-comptes/vendor/laravel/framework/src/Illuminate/Pipeline/Pipeline.php(183): Illuminate\\Foundation\\Http\\Middleware\\ValidatePostSize->handle()
#39 /media/tinkin/tinkin/laravel/projects/gestions-comptes/vendor/laravel/framework/src/Illuminate/Foundation/Http/Middleware/PreventRequestsDuringMaintenance.php(99): Illuminate\\Pipeline\\Pipeline->{closure:{closure:Illuminate\\Pipeline\\Pipeline::carry():158}:159}()
#40 /media/tinkin/tinkin/laravel/projects/gestions-comptes/vendor/laravel/framework/src/Illuminate/Pipeline/Pipeline.php(183): Illuminate\\Foundation\\Http\\Middleware\\PreventRequestsDuringMaintenance->handle()
#41 /media/tinkin/tinkin/laravel/projects/gestions-comptes/vendor/laravel/framework/src/Illuminate/Http/Middleware/HandleCors.php(62): Illuminate\\Pipeline\\Pipeline->{closure:{closure:Illuminate\\Pipeline\\Pipeline::carry():158}:159}()
#42 /media/tinkin/tinkin/laravel/projects/gestions-comptes/vendor/laravel/framework/src/Illuminate/Pipeline/Pipeline.php(183): Illuminate\\Http\\Middleware\\HandleCors->handle()
#43 /media/tinkin/tinkin/laravel/projects/gestions-comptes/vendor/laravel/framework/src/Illuminate/Http/Middleware/TrustProxies.php(39): Illuminate\\Pipeline\\Pipeline->{closure:{closure:Illuminate\\Pipeline\\Pipeline::carry():158}:159}()
#44 /media/tinkin/tinkin/laravel/projects/gestions-comptes/vendor/laravel/framework/src/Illuminate/Pipeline/Pipeline.php(183): Illuminate\\Http\\Middleware\\TrustProxies->handle()
#45 /media/tinkin/tinkin/laravel/projects/gestions-comptes/vendor/laravel/framework/src/Illuminate/Pipeline/Pipeline.php(119): Illuminate\\Pipeline\\Pipeline->{closure:{closure:Illuminate\\Pipeline\\Pipeline::carry():158}:159}()
#46 /media/tinkin/tinkin/laravel/projects/gestions-comptes/vendor/laravel/framework/src/Illuminate/Foundation/Http/Kernel.php(175): Illuminate\\Pipeline\\Pipeline->then()
#47 /media/tinkin/tinkin/laravel/projects/gestions-comptes/vendor/laravel/framework/src/Illuminate/Foundation/Http/Kernel.php(144): Illuminate\\Foundation\\Http\\Kernel->sendRequestThroughRouter()
#48 /media/tinkin/tinkin/laravel/projects/gestions-comptes/public/index.php(51): Illuminate\\Foundation\\Http\\Kernel->handle()
#49 /media/tinkin/tinkin/laravel/projects/gestions-comptes/vendor/laravel/framework/src/Illuminate/Foundation/resources/server.php(16): require_once('...')
#50 {main}
"} 
[2025-10-23 17:46:17] local.ERROR: $ref "#/components/schemas/" not found for @OA\Items() in \App\Http\Controllers\CompteController->index() in /media/tinkin/tinkin/laravel/projects/gestions-comptes/app/Http/Controllers/CompteController.php on line 70 {"exception":"[object] (ErrorException(code: 0): $ref \"#/components/schemas/\" not found for @OA\\Items() in \\App\\Http\\Controllers\\CompteController->index() in /media/tinkin/tinkin/laravel/projects/gestions-comptes/app/Http/Controllers/CompteController.php on line 70 at /media/tinkin/tinkin/laravel/projects/gestions-comptes/vendor/zircote/swagger-php/src/Loggers/DefaultLogger.php:31)
[stacktrace]
#0 /media/tinkin/tinkin/laravel/projects/gestions-comptes/vendor/laravel/framework/src/Illuminate/Foundation/Bootstrap/HandleExceptions.php(255): Illuminate\\Foundation\\Bootstrap\\HandleExceptions->handleError()
#1 [internal function]: Illuminate\\Foundation\\Bootstrap\\HandleExceptions->{closure:Illuminate\\Foundation\\Bootstrap\\HandleExceptions::forwardsTo():254}()
#2 /media/tinkin/tinkin/laravel/projects/gestions-comptes/vendor/zircote/swagger-php/src/Loggers/DefaultLogger.php(31): trigger_error()
#3 /media/tinkin/tinkin/laravel/projects/gestions-comptes/vendor/psr/log/src/LoggerTrait.php(61): OpenApi\\Loggers\\DefaultLogger->log()
#4 /media/tinkin/tinkin/laravel/projects/gestions-comptes/vendor/zircote/swagger-php/src/Annotations/AbstractAnnotation.php(511): Psr\\Log\\AbstractLogger->warning()
#5 /media/tinkin/tinkin/laravel/projects/gestions-comptes/vendor/zircote/swagger-php/src/Annotations/Schema.php(517): OpenApi\\Annotations\\AbstractAnnotation->validate()
#6 /media/tinkin/tinkin/laravel/projects/gestions-comptes/vendor/zircote/swagger-php/src/Annotations/Items.php(50): OpenApi\\Annotations\\Schema->validate()
#7 /media/tinkin/tinkin/laravel/projects/gestions-comptes/vendor/zircote/swagger-php/src/Annotations/AbstractAnnotation.php(592): OpenApi\\Annotations\\Items->validate()
#8 /media/tinkin/tinkin/laravel/projects/gestions-comptes/vendor/zircote/swagger-php/src/Annotations/AbstractAnnotation.php(565): OpenApi\\Annotations\\AbstractAnnotation::_validate()
#9 /media/tinkin/tinkin/laravel/projects/gestions-comptes/vendor/zircote/swagger-php/src/Annotations/Schema.php(517): OpenApi\\Annotations\\AbstractAnnotation->validate()
#10 /media/tinkin/tinkin/laravel/projects/gestions-comptes/vendor/zircote/swagger-php/src/Annotations/AbstractAnnotation.php(592): OpenApi\\Annotations\\Schema->validate()
#11 /media/tinkin/tinkin/laravel/projects/gestions-comptes/vendor/zircote/swagger-php/src/Annotations/AbstractAnnotation.php(598): OpenApi\\Annotations\\AbstractAnnotation::_validate()
#12 /media/tinkin/tinkin/laravel/projects/gestions-comptes/vendor/zircote/swagger-php/src/Annotations/AbstractAnnotation.php(565): OpenApi\\Annotations\\AbstractAnnotation::_validate()
#13 /media/tinkin/tinkin/laravel/projects/gestions-comptes/vendor/zircote/swagger-php/src/Annotations/Schema.php(517): OpenApi\\Annotations\\AbstractAnnotation->validate()
#14 /media/tinkin/tinkin/laravel/projects/gestions-comptes/vendor/zircote/swagger-php/src/Annotations/AbstractAnnotation.php(592): OpenApi\\Annotations\\Schema->validate()
#15 /media/tinkin/tinkin/laravel/projects/gestions-comptes/vendor/zircote/swagger-php/src/Annotations/AbstractAnnotation.php(565): OpenApi\\Annotations\\AbstractAnnotation::_validate()
#16 /media/tinkin/tinkin/laravel/projects/gestions-comptes/vendor/zircote/swagger-php/src/Annotations/AbstractAnnotation.php(592): OpenApi\\Annotations\\AbstractAnnotation->validate()
#17 /media/tinkin/tinkin/laravel/projects/gestions-comptes/vendor/zircote/swagger-php/src/Annotations/AbstractAnnotation.php(598): OpenApi\\Annotations\\AbstractAnnotation::_validate()
#18 /media/tinkin/tinkin/laravel/projects/gestions-comptes/vendor/zircote/swagger-php/src/Annotations/AbstractAnnotation.php(565): OpenApi\\Annotations\\AbstractAnnotation::_validate()
#19 /media/tinkin/tinkin/laravel/projects/gestions-comptes/vendor/zircote/swagger-php/src/Annotations/Response.php(121): OpenApi\\Annotations\\AbstractAnnotation->validate()
#20 /media/tinkin/tinkin/laravel/projects/gestions-comptes/vendor/zircote/swagger-php/src/Annotations/AbstractAnnotation.php(592): OpenApi\\Annotations\\Response->validate()
#21 /media/tinkin/tinkin/laravel/projects/gestions-comptes/vendor/zircote/swagger-php/src/Annotations/AbstractAnnotation.php(598): OpenApi\\Annotations\\AbstractAnnotation::_validate()
#22 /media/tinkin/tinkin/laravel/projects/gestions-comptes/vendor/zircote/swagger-php/src/Annotations/AbstractAnnotation.php(565): OpenApi\\Annotations\\AbstractAnnotation::_validate()
#23 /media/tinkin/tinkin/laravel/projects/gestions-comptes/vendor/zircote/swagger-php/src/Annotations/Operation.php(223): OpenApi\\Annotations\\AbstractAnnotation->validate()
#24 /media/tinkin/tinkin/laravel/projects/gestions-comptes/vendor/zircote/swagger-php/src/Annotations/AbstractAnnotation.php(592): OpenApi\\Annotations\\Operation->validate()
#25 /media/tinkin/tinkin/laravel/projects/gestions-comptes/vendor/zircote/swagger-php/src/Annotations/AbstractAnnotation.php(565): OpenApi\\Annotations\\AbstractAnnotation::_validate()
#26 /media/tinkin/tinkin/laravel/projects/gestions-comptes/vendor/zircote/swagger-php/src/Annotations/AbstractAnnotation.php(592): OpenApi\\Annotations\\AbstractAnnotation->validate()
#27 /media/tinkin/tinkin/laravel/projects/gestions-comptes/vendor/zircote/swagger-php/src/Annotations/AbstractAnnotation.php(598): OpenApi\\Annotations\\AbstractAnnotation::_validate()
#28 /media/tinkin/tinkin/laravel/projects/gestions-comptes/vendor/zircote/swagger-php/src/Annotations/AbstractAnnotation.php(565): OpenApi\\Annotations\\AbstractAnnotation::_validate()
#29 /media/tinkin/tinkin/laravel/projects/gestions-comptes/vendor/zircote/swagger-php/src/Annotations/OpenApi.php(170): OpenApi\\Annotations\\AbstractAnnotation->validate()
#30 /media/tinkin/tinkin/laravel/projects/gestions-comptes/vendor/zircote/swagger-php/src/Analysis.php(440): OpenApi\\Annotations\\OpenApi->validate()
#31 /media/tinkin/tinkin/laravel/projects/gestions-comptes/vendor/zircote/swagger-php/src/Generator.php(511): OpenApi\\Analysis->validate()
#32 /media/tinkin/tinkin/laravel/projects/gestions-comptes/vendor/darkaonline/l5-swagger/src/Generator.php(191): OpenApi\\Generator->generate()
#33 /media/tinkin/tinkin/laravel/projects/gestions-comptes/vendor/darkaonline/l5-swagger/src/Generator.php(132): L5Swagger\\Generator->scanFilesForDocumentation()
#34 /media/tinkin/tinkin/laravel/projects/gestions-comptes/vendor/darkaonline/l5-swagger/src/Console/GenerateDocsCommand.php(72): L5Swagger\\Generator->generateDocs()
#35 /media/tinkin/tinkin/laravel/projects/gestions-comptes/vendor/darkaonline/l5-swagger/src/Console/GenerateDocsCommand.php(58): L5Swagger\\Console\\GenerateDocsCommand->generateDocumentation()
#36 /media/tinkin/tinkin/laravel/projects/gestions-comptes/vendor/laravel/framework/src/Illuminate/Container/BoundMethod.php(36): L5Swagger\\Console\\GenerateDocsCommand->handle()
#37 /media/tinkin/tinkin/laravel/projects/gestions-comptes/vendor/laravel/framework/src/Illuminate/Container/Util.php(41): Illuminate\\Container\\BoundMethod::{closure:Illuminate\\Container\\BoundMethod::call():35}()
#38 /media/tinkin/tinkin/laravel/projects/gestions-comptes/vendor/laravel/framework/src/Illuminate/Container/BoundMethod.php(93): Illuminate\\Container\\Util::unwrapIfClosure()
#39 /media/tinkin/tinkin/laravel/projects/gestions-comptes/vendor/laravel/framework/src/Illuminate/Container/BoundMethod.php(35): Illuminate\\Container\\BoundMethod::callBoundMethod()
#40 /media/tinkin/tinkin/laravel/projects/gestions-comptes/vendor/laravel/framework/src/Illuminate/Container/Container.php(662): Illuminate\\Container\\BoundMethod::call()
#41 /media/tinkin/tinkin/laravel/projects/gestions-comptes/vendor/laravel/framework/src/Illuminate/Console/Command.php(211): Illuminate\\Container\\Container->call()
#42 /media/tinkin/tinkin/laravel/projects/gestions-comptes/vendor/symfony/console/Command/Command.php(326): Illuminate\\Console\\Command->execute()
#43 /media/tinkin/tinkin/laravel/projects/gestions-comptes/vendor/laravel/framework/src/Illuminate/Console/Command.php(180): Symfony\\Component\\Console\\Command\\Command->run()
#44 /media/tinkin/tinkin/laravel/projects/gestions-comptes/vendor/symfony/console/Application.php(1096): Illuminate\\Console\\Command->run()
#45 /media/tinkin/tinkin/laravel/projects/gestions-comptes/vendor/symfony/console/Application.php(324): Symfony\\Component\\Console\\Application->doRunCommand()
#46 /media/tinkin/tinkin/laravel/projects/gestions-comptes/vendor/symfony/console/Application.php(175): Symfony\\Component\\Console\\Application->doRun()
#47 /media/tinkin/tinkin/laravel/projects/gestions-comptes/vendor/laravel/framework/src/Illuminate/Foundation/Console/Kernel.php(201): Symfony\\Component\\Console\\Application->run()
#48 /media/tinkin/tinkin/laravel/projects/gestions-comptes/artisan(35): Illuminate\\Foundation\\Console\\Kernel->handle()
#49 {main}
"} 
[2025-10-23 17:46:36] local.ERROR: $ref "#/components/schemas/" not found for @OA\Property(property="pagination") in \App\Http\Controllers\CompteController->index() in /media/tinkin/tinkin/laravel/projects/gestions-comptes/app/Http/Controllers/CompteController.php on line 70 {"exception":"[object] (ErrorException(code: 0): $ref \"#/components/schemas/\" not found for @OA\\Property(property=\"pagination\") in \\App\\Http\\Controllers\\CompteController->index() in /media/tinkin/tinkin/laravel/projects/gestions-comptes/app/Http/Controllers/CompteController.php on line 70 at /media/tinkin/tinkin/laravel/projects/gestions-comptes/vendor/zircote/swagger-php/src/Loggers/DefaultLogger.php:31)
[stacktrace]
#0 /media/tinkin/tinkin/laravel/projects/gestions-comptes/vendor/laravel/framework/src/Illuminate/Foundation/Bootstrap/HandleExceptions.php(255): Illuminate\\Foundation\\Bootstrap\\HandleExceptions->handleError()
#1 [internal function]: Illuminate\\Foundation\\Bootstrap\\HandleExceptions->{closure:Illuminate\\Foundation\\Bootstrap\\HandleExceptions::forwardsTo():254}()
#2 /media/tinkin/tinkin/laravel/projects/gestions-comptes/vendor/zircote/swagger-php/src/Loggers/DefaultLogger.php(31): trigger_error()
#3 /media/tinkin/tinkin/laravel/projects/gestions-comptes/vendor/psr/log/src/LoggerTrait.php(61): OpenApi\\Loggers\\DefaultLogger->log()
#4 /media/tinkin/tinkin/laravel/projects/gestions-comptes/vendor/zircote/swagger-php/src/Annotations/AbstractAnnotation.php(511): Psr\\Log\\AbstractLogger->warning()
#5 /media/tinkin/tinkin/laravel/projects/gestions-comptes/vendor/zircote/swagger-php/src/Annotations/Schema.php(517): OpenApi\\Annotations\\AbstractAnnotation->validate()
#6 /media/tinkin/tinkin/laravel/projects/gestions-comptes/vendor/zircote/swagger-php/src/Annotations/AbstractAnnotation.php(592): OpenApi\\Annotations\\Schema->validate()
#7 /media/tinkin/tinkin/laravel/projects/gestions-comptes/vendor/zircote/swagger-php/src/Annotations/AbstractAnnotation.php(598): OpenApi\\Annotations\\AbstractAnnotation::_validate()
#8 /media/tinkin/tinkin/laravel/projects/gestions-comptes/vendor/zircote/swagger-php/src/Annotations/AbstractAnnotation.php(565): OpenApi\\Annotations\\AbstractAnnotation::_validate()
#9 /media/tinkin/tinkin/laravel/projects/gestions-comptes/vendor/zircote/swagger-php/src/Annotations/Schema.php(517): OpenApi\\Annotations\\AbstractAnnotation->validate()
#10 /media/tinkin/tinkin/laravel/projects/gestions-comptes/vendor/zircote/swagger-php/src/Annotations/AbstractAnnotation.php(592): OpenApi\\Annotations\\Schema->validate()
#11 /media/tinkin/tinkin/laravel/projects/gestions-comptes/vendor/zircote/swagger-php/src/Annotations/AbstractAnnotation.php(565): OpenApi\\Annotations\\AbstractAnnotation::_validate()
#12 /media/tinkin/tinkin/laravel/projects/gestions-comptes/vendor/zircote/swagger-php/src/Annotations/AbstractAnnotation.php(592): OpenApi\\Annotations\\AbstractAnnotation->validate()
#13 /media/tinkin/tinkin/laravel/projects/gestions-comptes/vendor/zircote/swagger-php/src/Annotations/AbstractAnnotation.php(598): OpenApi\\Annotations\\AbstractAnnotation::_validate()
#14 /media/tinkin/tinkin/laravel/projects/gestions-comptes/vendor/zircote/swagger-php/src/Annotations/AbstractAnnotation.php(565): OpenApi\\Annotations\\AbstractAnnotation::_validate()
#15 /media/tinkin/tinkin/laravel/projects/gestions-comptes/vendor/zircote/swagger-php/src/Annotations/Response.php(121): OpenApi\\Annotations\\AbstractAnnotation->validate()
#16 /media/tinkin/tinkin/laravel/projects/gestions-comptes/vendor/zircote/swagger-php/src/Annotations/AbstractAnnotation.php(592): OpenApi\\Annotations\\Response->validate()
#17 /media/tinkin/tinkin/laravel/projects/gestions-comptes/vendor/zircote/swagger-php/src/Annotations/AbstractAnnotation.php(598): OpenApi\\Annotations\\AbstractAnnotation::_validate()
#18 /media/tinkin/tinkin/laravel/projects/gestions-comptes/vendor/zircote/swagger-php/src/Annotations/AbstractAnnotation.php(565): OpenApi\\Annotations\\AbstractAnnotation::_validate()
#19 /media/tinkin/tinkin/laravel/projects/gestions-comptes/vendor/zircote/swagger-php/src/Annotations/Operation.php(223): OpenApi\\Annotations\\AbstractAnnotation->validate()
#20 /media/tinkin/tinkin/laravel/projects/gestions-comptes/vendor/zircote/swagger-php/src/Annotations/AbstractAnnotation.php(592): OpenApi\\Annotations\\Operation->validate()
#21 /media/tinkin/tinkin/laravel/projects/gestions-comptes/vendor/zircote/swagger-php/src/Annotations/AbstractAnnotation.php(565): OpenApi\\Annotations\\AbstractAnnotation::_validate()
#22 /media/tinkin/tinkin/laravel/projects/gestions-comptes/vendor/zircote/swagger-php/src/Annotations/AbstractAnnotation.php(592): OpenApi\\Annotations\\AbstractAnnotation->validate()
#23 /media/tinkin/tinkin/laravel/projects/gestions-comptes/vendor/zircote/swagger-php/src/Annotations/AbstractAnnotation.php(598): OpenApi\\Annotations\\AbstractAnnotation::_validate()
#24 /media/tinkin/tinkin/laravel/projects/gestions-comptes/vendor/zircote/swagger-php/src/Annotations/AbstractAnnotation.php(565): OpenApi\\Annotations\\AbstractAnnotation::_validate()
#25 /media/tinkin/tinkin/laravel/projects/gestions-comptes/vendor/zircote/swagger-php/src/Annotations/OpenApi.php(170): OpenApi\\Annotations\\AbstractAnnotation->validate()
#26 /media/tinkin/tinkin/laravel/projects/gestions-comptes/vendor/zircote/swagger-php/src/Analysis.php(440): OpenApi\\Annotations\\OpenApi->validate()
#27 /media/tinkin/tinkin/laravel/projects/gestions-comptes/vendor/zircote/swagger-php/src/Generator.php(511): OpenApi\\Analysis->validate()
#28 /media/tinkin/tinkin/laravel/projects/gestions-comptes/vendor/darkaonline/l5-swagger/src/Generator.php(191): OpenApi\\Generator->generate()
#29 /media/tinkin/tinkin/laravel/projects/gestions-comptes/vendor/darkaonline/l5-swagger/src/Generator.php(132): L5Swagger\\Generator->scanFilesForDocumentation()
#30 /media/tinkin/tinkin/laravel/projects/gestions-comptes/vendor/darkaonline/l5-swagger/src/Console/GenerateDocsCommand.php(72): L5Swagger\\Generator->generateDocs()
#31 /media/tinkin/tinkin/laravel/projects/gestions-comptes/vendor/darkaonline/l5-swagger/src/Console/GenerateDocsCommand.php(58): L5Swagger\\Console\\GenerateDocsCommand->generateDocumentation()
#32 /media/tinkin/tinkin/laravel/projects/gestions-comptes/vendor/laravel/framework/src/Illuminate/Container/BoundMethod.php(36): L5Swagger\\Console\\GenerateDocsCommand->handle()
#33 /media/tinkin/tinkin/laravel/projects/gestions-comptes/vendor/laravel/framework/src/Illuminate/Container/Util.php(41): Illuminate\\Container\\BoundMethod::{closure:Illuminate\\Container\\BoundMethod::call():35}()
#34 /media/tinkin/tinkin/laravel/projects/gestions-comptes/vendor/laravel/framework/src/Illuminate/Container/BoundMethod.php(93): Illuminate\\Container\\Util::unwrapIfClosure()
#35 /media/tinkin/tinkin/laravel/projects/gestions-comptes/vendor/laravel/framework/src/Illuminate/Container/BoundMethod.php(35): Illuminate\\Container\\BoundMethod::callBoundMethod()
#36 /media/tinkin/tinkin/laravel/projects/gestions-comptes/vendor/laravel/framework/src/Illuminate/Container/Container.php(662): Illuminate\\Container\\BoundMethod::call()
#37 /media/tinkin/tinkin/laravel/projects/gestions-comptes/vendor/laravel/framework/src/Illuminate/Console/Command.php(211): Illuminate\\Container\\Container->call()
#38 /media/tinkin/tinkin/laravel/projects/gestions-comptes/vendor/symfony/console/Command/Command.php(326): Illuminate\\Console\\Command->execute()
#39 /media/tinkin/tinkin/laravel/projects/gestions-comptes/vendor/laravel/framework/src/Illuminate/Console/Command.php(180): Symfony\\Component\\Console\\Command\\Command->run()
#40 /media/tinkin/tinkin/laravel/projects/gestions-comptes/vendor/symfony/console/Application.php(1096): Illuminate\\Console\\Command->run()
#41 /media/tinkin/tinkin/laravel/projects/gestions-comptes/vendor/symfony/console/Application.php(324): Symfony\\Component\\Console\\Application->doRunCommand()
#42 /media/tinkin/tinkin/laravel/projects/gestions-comptes/vendor/symfony/console/Application.php(175): Symfony\\Component\\Console\\Application->doRun()
#43 /media/tinkin/tinkin/laravel/projects/gestions-comptes/vendor/laravel/framework/src/Illuminate/Foundation/Console/Kernel.php(201): Symfony\\Component\\Console\\Application->run()
#44 /media/tinkin/tinkin/laravel/projects/gestions-comptes/artisan(35): Illuminate\\Foundation\\Console\\Kernel->handle()
#45 {main}
"} 
[2025-10-23 17:47:47] local.ERROR: Please provide a valid cache path. {"exception":"[object] (InvalidArgumentException(code: 0): Please provide a valid cache path. at /media/tinkin/tinkin/laravel/projects/gestions-comptes/vendor/laravel/framework/src/Illuminate/View/Compilers/Compiler.php:67)
[stacktrace]
#0 /media/tinkin/tinkin/laravel/projects/gestions-comptes/vendor/laravel/framework/src/Illuminate/View/ViewServiceProvider.php(97): Illuminate\\View\\Compilers\\Compiler->__construct()
#1 /media/tinkin/tinkin/laravel/projects/gestions-comptes/vendor/laravel/framework/src/Illuminate/Container/Container.php(908): Illuminate\\View\\ViewServiceProvider->{closure:Illuminate\\View\\ViewServiceProvider::registerBladeCompiler():96}()
#2 /media/tinkin/tinkin/laravel/projects/gestions-comptes/vendor/laravel/framework/src/Illuminate/Container/Container.php(795): Illuminate\\Container\\Container->build()
#3 /media/tinkin/tinkin/laravel/projects/gestions-comptes/vendor/laravel/framework/src/Illuminate/Foundation/Application.php(986): Illuminate\\Container\\Container->resolve()
#4 /media/tinkin/tinkin/laravel/projects/gestions-comptes/vendor/laravel/framework/src/Illuminate/Container/Container.php(731): Illuminate\\Foundation\\Application->resolve()
#5 /media/tinkin/tinkin/laravel/projects/gestions-comptes/vendor/laravel/framework/src/Illuminate/Foundation/Application.php(971): Illuminate\\Container\\Container->make()
#6 /media/tinkin/tinkin/laravel/projects/gestions-comptes/vendor/laravel/framework/src/Illuminate/View/ViewServiceProvider.php(168): Illuminate\\Foundation\\Application->make()
#7 [internal function]: Illuminate\\View\\ViewServiceProvider->{closure:Illuminate\\View\\ViewServiceProvider::registerBladeEngine():164}()
#8 /media/tinkin/tinkin/laravel/projects/gestions-comptes/vendor/laravel/framework/src/Illuminate/View/Engines/EngineResolver.php(55): call_user_func()
#9 /media/tinkin/tinkin/laravel/projects/gestions-comptes/vendor/laravel/framework/src/Illuminate/View/Factory.php(310): Illuminate\\View\\Engines\\EngineResolver->resolve()
#10 /media/tinkin/tinkin/laravel/projects/gestions-comptes/vendor/laravel/framework/src/Illuminate/View/Factory.php(274): Illuminate\\View\\Factory->getEngineFromPath()
#11 /media/tinkin/tinkin/laravel/projects/gestions-comptes/vendor/laravel/framework/src/Illuminate/View/Factory.php(146): Illuminate\\View\\Factory->viewInstance()
#12 /media/tinkin/tinkin/laravel/projects/gestions-comptes/vendor/laravel/framework/src/Illuminate/Foundation/helpers.php(1020): Illuminate\\View\\Factory->make()
#13 /media/tinkin/tinkin/laravel/projects/gestions-comptes/vendor/darkaonline/l5-swagger/src/Http/Controllers/SwaggerController.php(120): view()
#14 /media/tinkin/tinkin/laravel/projects/gestions-comptes/vendor/laravel/framework/src/Illuminate/Routing/Controller.php(54): L5Swagger\\Http\\Controllers\\SwaggerController->api()
#15 /media/tinkin/tinkin/laravel/projects/gestions-comptes/vendor/laravel/framework/src/Illuminate/Routing/ControllerDispatcher.php(43): Illuminate\\Routing\\Controller->callAction()
#16 /media/tinkin/tinkin/laravel/projects/gestions-comptes/vendor/laravel/framework/src/Illuminate/Routing/Route.php(259): Illuminate\\Routing\\ControllerDispatcher->dispatch()
#17 /media/tinkin/tinkin/laravel/projects/gestions-comptes/vendor/laravel/framework/src/Illuminate/Routing/Route.php(205): Illuminate\\Routing\\Route->runController()
#18 /media/tinkin/tinkin/laravel/projects/gestions-comptes/vendor/laravel/framework/src/Illuminate/Routing/Router.php(806): Illuminate\\Routing\\Route->run()
#19 /media/tinkin/tinkin/laravel/projects/gestions-comptes/vendor/laravel/framework/src/Illuminate/Pipeline/Pipeline.php(144): Illuminate\\Routing\\Router->{closure:Illuminate\\Routing\\Router::runRouteWithinStack():805}()
#20 /media/tinkin/tinkin/laravel/projects/gestions-comptes/vendor/darkaonline/l5-swagger/src/Http/Middleware/Config.php(44): Illuminate\\Pipeline\\Pipeline->{closure:Illuminate\\Pipeline\\Pipeline::prepareDestination():142}()
#21 /media/tinkin/tinkin/laravel/projects/gestions-comptes/vendor/laravel/framework/src/Illuminate/Pipeline/Pipeline.php(183): L5Swagger\\Http\\Middleware\\Config->handle()
#22 /media/tinkin/tinkin/laravel/projects/gestions-comptes/vendor/laravel/framework/src/Illuminate/Pipeline/Pipeline.php(119): Illuminate\\Pipeline\\Pipeline->{closure:{closure:Illuminate\\Pipeline\\Pipeline::carry():158}:159}()
#23 /media/tinkin/tinkin/laravel/projects/gestions-comptes/vendor/laravel/framework/src/Illuminate/Routing/Router.php(805): Illuminate\\Pipeline\\Pipeline->then()
#24 /media/tinkin/tinkin/laravel/projects/gestions-comptes/vendor/laravel/framework/src/Illuminate/Routing/Router.php(784): Illuminate\\Routing\\Router->runRouteWithinStack()
#25 /media/tinkin/tinkin/laravel/projects/gestions-comptes/vendor/laravel/framework/src/Illuminate/Routing/Router.php(748): Illuminate\\Routing\\Router->runRoute()
#26 /media/tinkin/tinkin/laravel/projects/gestions-comptes/vendor/laravel/framework/src/Illuminate/Routing/Router.php(737): Illuminate\\Routing\\Router->dispatchToRoute()
#27 /media/tinkin/tinkin/laravel/projects/gestions-comptes/vendor/laravel/framework/src/Illuminate/Foundation/Http/Kernel.php(200): Illuminate\\Routing\\Router->dispatch()
#28 /media/tinkin/tinkin/laravel/projects/gestions-comptes/vendor/laravel/framework/src/Illuminate/Pipeline/Pipeline.php(144): Illuminate\\Foundation\\Http\\Kernel->{closure:Illuminate\\Foundation\\Http\\Kernel::dispatchToRouter():197}()
#29 /media/tinkin/tinkin/laravel/projects/gestions-comptes/vendor/barryvdh/laravel-debugbar/src/Middleware/InjectDebugbar.php(66): Illuminate\\Pipeline\\Pipeline->{closure:Illuminate\\Pipeline\\Pipeline::prepareDestination():142}()
#30 /media/tinkin/tinkin/laravel/projects/gestions-comptes/vendor/laravel/framework/src/Illuminate/Pipeline/Pipeline.php(183): Barryvdh\\Debugbar\\Middleware\\InjectDebugbar->handle()
#31 /media/tinkin/tinkin/laravel/projects/gestions-comptes/vendor/laravel/framework/src/Illuminate/Foundation/Http/Middleware/TransformsRequest.php(21): Illuminate\\Pipeline\\Pipeline->{closure:{closure:Illuminate\\Pipeline\\Pipeline::carry():158}:159}()
#32 /media/tinkin/tinkin/laravel/projects/gestions-comptes/vendor/laravel/framework/src/Illuminate/Foundation/Http/Middleware/ConvertEmptyStringsToNull.php(31): Illuminate\\Foundation\\Http\\Middleware\\TransformsRequest->handle()
#33 /media/tinkin/tinkin/laravel/projects/gestions-comptes/vendor/laravel/framework/src/Illuminate/Pipeline/Pipeline.php(183): Illuminate\\Foundation\\Http\\Middleware\\ConvertEmptyStringsToNull->handle()
#34 /media/tinkin/tinkin/laravel/projects/gestions-comptes/vendor/laravel/framework/src/Illuminate/Foundation/Http/Middleware/TransformsRequest.php(21): Illuminate\\Pipeline\\Pipeline->{closure:{closure:Illuminate\\Pipeline\\Pipeline::carry():158}:159}()
#35 /media/tinkin/tinkin/laravel/projects/gestions-comptes/vendor/laravel/framework/src/Illuminate/Foundation/Http/Middleware/TrimStrings.php(40): Illuminate\\Foundation\\Http\\Middleware\\TransformsRequest->handle()
#36 /media/tinkin/tinkin/laravel/projects/gestions-comptes/vendor/laravel/framework/src/Illuminate/Pipeline/Pipeline.php(183): Illuminate\\Foundation\\Http\\Middleware\\TrimStrings->handle()
#37 /media/tinkin/tinkin/laravel/projects/gestions-comptes/vendor/laravel/framework/src/Illuminate/Foundation/Http/Middleware/ValidatePostSize.php(27): Illuminate\\Pipeline\\Pipeline->{closure:{closure:Illuminate\\Pipeline\\Pipeline::carry():158}:159}()
#38 /media/tinkin/tinkin/laravel/projects/gestions-comptes/vendor/laravel/framework/src/Illuminate/Pipeline/Pipeline.php(183): Illuminate\\Foundation\\Http\\Middleware\\ValidatePostSize->handle()
#39 /media/tinkin/tinkin/laravel/projects/gestions-comptes/vendor/laravel/framework/src/Illuminate/Foundation/Http/Middleware/PreventRequestsDuringMaintenance.php(99): Illuminate\\Pipeline\\Pipeline->{closure:{closure:Illuminate\\Pipeline\\Pipeline::carry():158}:159}()
#40 /media/tinkin/tinkin/laravel/projects/gestions-comptes/vendor/laravel/framework/src/Illuminate/Pipeline/Pipeline.php(183): Illuminate\\Foundation\\Http\\Middleware\\PreventRequestsDuringMaintenance->handle()
#41 /media/tinkin/tinkin/laravel/projects/gestions-comptes/vendor/laravel/framework/src/Illuminate/Http/Middleware/HandleCors.php(62): Illuminate\\Pipeline\\Pipeline->{closure:{closure:Illuminate\\Pipeline\\Pipeline::carry():158}:159}()
#42 /media/tinkin/tinkin/laravel/projects/gestions-comptes/vendor/laravel/framework/src/Illuminate/Pipeline/Pipeline.php(183): Illuminate\\Http\\Middleware\\HandleCors->handle()
#43 /media/tinkin/tinkin/laravel/projects/gestions-comptes/vendor/laravel/framework/src/Illuminate/Http/Middleware/TrustProxies.php(39): Illuminate\\Pipeline\\Pipeline->{closure:{closure:Illuminate\\Pipeline\\Pipeline::carry():158}:159}()
#44 /media/tinkin/tinkin/laravel/projects/gestions-comptes/vendor/laravel/framework/src/Illuminate/Pipeline/Pipeline.php(183): Illuminate\\Http\\Middleware\\TrustProxies->handle()
#45 /media/tinkin/tinkin/laravel/projects/gestions-comptes/vendor/laravel/framework/src/Illuminate/Pipeline/Pipeline.php(119): Illuminate\\Pipeline\\Pipeline->{closure:{closure:Illuminate\\Pipeline\\Pipeline::carry():158}:159}()
#46 /media/tinkin/tinkin/laravel/projects/gestions-comptes/vendor/laravel/framework/src/Illuminate/Foundation/Http/Kernel.php(175): Illuminate\\Pipeline\\Pipeline->then()
#47 /media/tinkin/tinkin/laravel/projects/gestions-comptes/vendor/laravel/framework/src/Illuminate/Foundation/Http/Kernel.php(144): Illuminate\\Foundation\\Http\\Kernel->sendRequestThroughRouter()
#48 /media/tinkin/tinkin/laravel/projects/gestions-comptes/public/index.php(51): Illuminate\\Foundation\\Http\\Kernel->handle()
#49 /media/tinkin/tinkin/laravel/projects/gestions-comptes/vendor/laravel/framework/src/Illuminate/Foundation/resources/server.php(16): require_once('...')
#50 {main}
"} 
[2025-10-23 17:47:53] local.ERROR: $ref "#/components/schemas/" not found for @OA\Property(property="data") in \App\Http\Controllers\CompteController->store() in /media/tinkin/tinkin/laravel/projects/gestions-comptes/app/Http/Controllers/CompteController.php on line 172 {"exception":"[object] (ErrorException(code: 0): $ref \"#/components/schemas/\" not found for @OA\\Property(property=\"data\") in \\App\\Http\\Controllers\\CompteController->store() in /media/tinkin/tinkin/laravel/projects/gestions-comptes/app/Http/Controllers/CompteController.php on line 172 at /media/tinkin/tinkin/laravel/projects/gestions-comptes/vendor/zircote/swagger-php/src/Loggers/DefaultLogger.php:31)
[stacktrace]
#0 /media/tinkin/tinkin/laravel/projects/gestions-comptes/vendor/laravel/framework/src/Illuminate/Foundation/Bootstrap/HandleExceptions.php(255): Illuminate\\Foundation\\Bootstrap\\HandleExceptions->handleError()
#1 [internal function]: Illuminate\\Foundation\\Bootstrap\\HandleExceptions->{closure:Illuminate\\Foundation\\Bootstrap\\HandleExceptions::forwardsTo():254}()
#2 /media/tinkin/tinkin/laravel/projects/gestions-comptes/vendor/zircote/swagger-php/src/Loggers/DefaultLogger.php(31): trigger_error()
#3 /media/tinkin/tinkin/laravel/projects/gestions-comptes/vendor/psr/log/src/LoggerTrait.php(61): OpenApi\\Loggers\\DefaultLogger->log()
#4 /media/tinkin/tinkin/laravel/projects/gestions-comptes/vendor/zircote/swagger-php/src/Annotations/AbstractAnnotation.php(511): Psr\\Log\\AbstractLogger->warning()
#5 /media/tinkin/tinkin/laravel/projects/gestions-comptes/vendor/zircote/swagger-php/src/Annotations/Schema.php(517): OpenApi\\Annotations\\AbstractAnnotation->validate()
#6 /media/tinkin/tinkin/laravel/projects/gestions-comptes/vendor/zircote/swagger-php/src/Annotations/AbstractAnnotation.php(592): OpenApi\\Annotations\\Schema->validate()
#7 /media/tinkin/tinkin/laravel/projects/gestions-comptes/vendor/zircote/swagger-php/src/Annotations/AbstractAnnotation.php(598): OpenApi\\Annotations\\AbstractAnnotation::_validate()
#8 /media/tinkin/tinkin/laravel/projects/gestions-comptes/vendor/zircote/swagger-php/src/Annotations/AbstractAnnotation.php(565): OpenApi\\Annotations\\AbstractAnnotation::_validate()
#9 /media/tinkin/tinkin/laravel/projects/gestions-comptes/vendor/zircote/swagger-php/src/Annotations/Schema.php(517): OpenApi\\Annotations\\AbstractAnnotation->validate()
#10 /media/tinkin/tinkin/laravel/projects/gestions-comptes/vendor/zircote/swagger-php/src/Annotations/AbstractAnnotation.php(592): OpenApi\\Annotations\\Schema->validate()
#11 /media/tinkin/tinkin/laravel/projects/gestions-comptes/vendor/zircote/swagger-php/src/Annotations/AbstractAnnotation.php(565): OpenApi\\Annotations\\AbstractAnnotation::_validate()
#12 /media/tinkin/tinkin/laravel/projects/gestions-comptes/vendor/zircote/swagger-php/src/Annotations/AbstractAnnotation.php(592): OpenApi\\Annotations\\AbstractAnnotation->validate()
#13 /media/tinkin/tinkin/laravel/projects/gestions-comptes/vendor/zircote/swagger-php/src/Annotations/AbstractAnnotation.php(598): OpenApi\\Annotations\\AbstractAnnotation::_validate()
#14 /media/tinkin/tinkin/laravel/projects/gestions-comptes/vendor/zircote/swagger-php/src/Annotations/AbstractAnnotation.php(565): OpenApi\\Annotations\\AbstractAnnotation::_validate()
#15 /media/tinkin/tinkin/laravel/projects/gestions-comptes/vendor/zircote/swagger-php/src/Annotations/Response.php(121): OpenApi\\Annotations\\AbstractAnnotation->validate()
#16 /media/tinkin/tinkin/laravel/projects/gestions-comptes/vendor/zircote/swagger-php/src/Annotations/AbstractAnnotation.php(592): OpenApi\\Annotations\\Response->validate()
#17 /media/tinkin/tinkin/laravel/projects/gestions-comptes/vendor/zircote/swagger-php/src/Annotations/AbstractAnnotation.php(598): OpenApi\\Annotations\\AbstractAnnotation::_validate()
#18 /media/tinkin/tinkin/laravel/projects/gestions-comptes/vendor/zircote/swagger-php/src/Annotations/AbstractAnnotation.php(565): OpenApi\\Annotations\\AbstractAnnotation::_validate()
#19 /media/tinkin/tinkin/laravel/projects/gestions-comptes/vendor/zircote/swagger-php/src/Annotations/Operation.php(223): OpenApi\\Annotations\\AbstractAnnotation->validate()
#20 /media/tinkin/tinkin/laravel/projects/gestions-comptes/vendor/zircote/swagger-php/src/Annotations/AbstractAnnotation.php(592): OpenApi\\Annotations\\Operation->validate()
#21 /media/tinkin/tinkin/laravel/projects/gestions-comptes/vendor/zircote/swagger-php/src/Annotations/AbstractAnnotation.php(565): OpenApi\\Annotations\\AbstractAnnotation::_validate()
#22 /media/tinkin/tinkin/laravel/projects/gestions-comptes/vendor/zircote/swagger-php/src/Annotations/AbstractAnnotation.php(592): OpenApi\\Annotations\\AbstractAnnotation->validate()
#23 /media/tinkin/tinkin/laravel/projects/gestions-comptes/vendor/zircote/swagger-php/src/Annotations/AbstractAnnotation.php(598): OpenApi\\Annotations\\AbstractAnnotation::_validate()
#24 /media/tinkin/tinkin/laravel/projects/gestions-comptes/vendor/zircote/swagger-php/src/Annotations/AbstractAnnotation.php(565): OpenApi\\Annotations\\AbstractAnnotation::_validate()
#25 /media/tinkin/tinkin/laravel/projects/gestions-comptes/vendor/zircote/swagger-php/src/Annotations/OpenApi.php(170): OpenApi\\Annotations\\AbstractAnnotation->validate()
#26 /media/tinkin/tinkin/laravel/projects/gestions-comptes/vendor/zircote/swagger-php/src/Analysis.php(440): OpenApi\\Annotations\\OpenApi->validate()
#27 /media/tinkin/tinkin/laravel/projects/gestions-comptes/vendor/zircote/swagger-php/src/Generator.php(511): OpenApi\\Analysis->validate()
#28 /media/tinkin/tinkin/laravel/projects/gestions-comptes/vendor/darkaonline/l5-swagger/src/Generator.php(191): OpenApi\\Generator->generate()
#29 /media/tinkin/tinkin/laravel/projects/gestions-comptes/vendor/darkaonline/l5-swagger/src/Generator.php(132): L5Swagger\\Generator->scanFilesForDocumentation()
#30 /media/tinkin/tinkin/laravel/projects/gestions-comptes/vendor/darkaonline/l5-swagger/src/Console/GenerateDocsCommand.php(72): L5Swagger\\Generator->generateDocs()
#31 /media/tinkin/tinkin/laravel/projects/gestions-comptes/vendor/darkaonline/l5-swagger/src/Console/GenerateDocsCommand.php(58): L5Swagger\\Console\\GenerateDocsCommand->generateDocumentation()
#32 /media/tinkin/tinkin/laravel/projects/gestions-comptes/vendor/laravel/framework/src/Illuminate/Container/BoundMethod.php(36): L5Swagger\\Console\\GenerateDocsCommand->handle()
#33 /media/tinkin/tinkin/laravel/projects/gestions-comptes/vendor/laravel/framework/src/Illuminate/Container/Util.php(41): Illuminate\\Container\\BoundMethod::{closure:Illuminate\\Container\\BoundMethod::call():35}()
#34 /media/tinkin/tinkin/laravel/projects/gestions-comptes/vendor/laravel/framework/src/Illuminate/Container/BoundMethod.php(93): Illuminate\\Container\\Util::unwrapIfClosure()
#35 /media/tinkin/tinkin/laravel/projects/gestions-comptes/vendor/laravel/framework/src/Illuminate/Container/BoundMethod.php(35): Illuminate\\Container\\BoundMethod::callBoundMethod()
#36 /media/tinkin/tinkin/laravel/projects/gestions-comptes/vendor/laravel/framework/src/Illuminate/Container/Container.php(662): Illuminate\\Container\\BoundMethod::call()
#37 /media/tinkin/tinkin/laravel/projects/gestions-comptes/vendor/laravel/framework/src/Illuminate/Console/Command.php(211): Illuminate\\Container\\Container->call()
#38 /media/tinkin/tinkin/laravel/projects/gestions-comptes/vendor/symfony/console/Command/Command.php(326): Illuminate\\Console\\Command->execute()
#39 /media/tinkin/tinkin/laravel/projects/gestions-comptes/vendor/laravel/framework/src/Illuminate/Console/Command.php(180): Symfony\\Component\\Console\\Command\\Command->run()
#40 /media/tinkin/tinkin/laravel/projects/gestions-comptes/vendor/symfony/console/Application.php(1096): Illuminate\\Console\\Command->run()
#41 /media/tinkin/tinkin/laravel/projects/gestions-comptes/vendor/symfony/console/Application.php(324): Symfony\\Component\\Console\\Application->doRunCommand()
#42 /media/tinkin/tinkin/laravel/projects/gestions-comptes/vendor/symfony/console/Application.php(175): Symfony\\Component\\Console\\Application->doRun()
#43 /media/tinkin/tinkin/laravel/projects/gestions-comptes/vendor/laravel/framework/src/Illuminate/Foundation/Console/Kernel.php(201): Symfony\\Component\\Console\\Application->run()
#44 /media/tinkin/tinkin/laravel/projects/gestions-comptes/artisan(35): Illuminate\\Foundation\\Console\\Kernel->handle()
#45 {main}
"} 
[2025-10-23 17:48:13] local.ERROR: $ref "#/components/schemas/" not found for @OA\Property(property="data") in \App\Http\Controllers\CompteController->update() in /media/tinkin/tinkin/laravel/projects/gestions-comptes/app/Http/Controllers/CompteController.php on line 224 {"exception":"[object] (ErrorException(code: 0): $ref \"#/components/schemas/\" not found for @OA\\Property(property=\"data\") in \\App\\Http\\Controllers\\CompteController->update() in /media/tinkin/tinkin/laravel/projects/gestions-comptes/app/Http/Controllers/CompteController.php on line 224 at /media/tinkin/tinkin/laravel/projects/gestions-comptes/vendor/zircote/swagger-php/src/Loggers/DefaultLogger.php:31)
[stacktrace]
#0 /media/tinkin/tinkin/laravel/projects/gestions-comptes/vendor/laravel/framework/src/Illuminate/Foundation/Bootstrap/HandleExceptions.php(255): Illuminate\\Foundation\\Bootstrap\\HandleExceptions->handleError()
#1 [internal function]: Illuminate\\Foundation\\Bootstrap\\HandleExceptions->{closure:Illuminate\\Foundation\\Bootstrap\\HandleExceptions::forwardsTo():254}()
#2 /media/tinkin/tinkin/laravel/projects/gestions-comptes/vendor/zircote/swagger-php/src/Loggers/DefaultLogger.php(31): trigger_error()
#3 /media/tinkin/tinkin/laravel/projects/gestions-comptes/vendor/psr/log/src/LoggerTrait.php(61): OpenApi\\Loggers\\DefaultLogger->log()
#4 /media/tinkin/tinkin/laravel/projects/gestions-comptes/vendor/zircote/swagger-php/src/Annotations/AbstractAnnotation.php(511): Psr\\Log\\AbstractLogger->warning()
#5 /media/tinkin/tinkin/laravel/projects/gestions-comptes/vendor/zircote/swagger-php/src/Annotations/Schema.php(517): OpenApi\\Annotations\\AbstractAnnotation->validate()
#6 /media/tinkin/tinkin/laravel/projects/gestions-comptes/vendor/zircote/swagger-php/src/Annotations/AbstractAnnotation.php(592): OpenApi\\Annotations\\Schema->validate()
#7 /media/tinkin/tinkin/laravel/projects/gestions-comptes/vendor/zircote/swagger-php/src/Annotations/AbstractAnnotation.php(598): OpenApi\\Annotations\\AbstractAnnotation::_validate()
#8 /media/tinkin/tinkin/laravel/projects/gestions-comptes/vendor/zircote/swagger-php/src/Annotations/AbstractAnnotation.php(565): OpenApi\\Annotations\\AbstractAnnotation::_validate()
#9 /media/tinkin/tinkin/laravel/projects/gestions-comptes/vendor/zircote/swagger-php/src/Annotations/Schema.php(517): OpenApi\\Annotations\\AbstractAnnotation->validate()
#10 /media/tinkin/tinkin/laravel/projects/gestions-comptes/vendor/zircote/swagger-php/src/Annotations/AbstractAnnotation.php(592): OpenApi\\Annotations\\Schema->validate()
#11 /media/tinkin/tinkin/laravel/projects/gestions-comptes/vendor/zircote/swagger-php/src/Annotations/AbstractAnnotation.php(565): OpenApi\\Annotations\\AbstractAnnotation::_validate()
#12 /media/tinkin/tinkin/laravel/projects/gestions-comptes/vendor/zircote/swagger-php/src/Annotations/AbstractAnnotation.php(592): OpenApi\\Annotations\\AbstractAnnotation->validate()
#13 /media/tinkin/tinkin/laravel/projects/gestions-comptes/vendor/zircote/swagger-php/src/Annotations/AbstractAnnotation.php(598): OpenApi\\Annotations\\AbstractAnnotation::_validate()
#14 /media/tinkin/tinkin/laravel/projects/gestions-comptes/vendor/zircote/swagger-php/src/Annotations/AbstractAnnotation.php(565): OpenApi\\Annotations\\AbstractAnnotation::_validate()
#15 /media/tinkin/tinkin/laravel/projects/gestions-comptes/vendor/zircote/swagger-php/src/Annotations/Response.php(121): OpenApi\\Annotations\\AbstractAnnotation->validate()
#16 /media/tinkin/tinkin/laravel/projects/gestions-comptes/vendor/zircote/swagger-php/src/Annotations/AbstractAnnotation.php(592): OpenApi\\Annotations\\Response->validate()
#17 /media/tinkin/tinkin/laravel/projects/gestions-comptes/vendor/zircote/swagger-php/src/Annotations/AbstractAnnotation.php(598): OpenApi\\Annotations\\AbstractAnnotation::_validate()
#18 /media/tinkin/tinkin/laravel/projects/gestions-comptes/vendor/zircote/swagger-php/src/Annotations/AbstractAnnotation.php(565): OpenApi\\Annotations\\AbstractAnnotation::_validate()
#19 /media/tinkin/tinkin/laravel/projects/gestions-comptes/vendor/zircote/swagger-php/src/Annotations/Operation.php(223): OpenApi\\Annotations\\AbstractAnnotation->validate()
#20 /media/tinkin/tinkin/laravel/projects/gestions-comptes/vendor/zircote/swagger-php/src/Annotations/AbstractAnnotation.php(592): OpenApi\\Annotations\\Operation->validate()
#21 /media/tinkin/tinkin/laravel/projects/gestions-comptes/vendor/zircote/swagger-php/src/Annotations/AbstractAnnotation.php(565): OpenApi\\Annotations\\AbstractAnnotation::_validate()
#22 /media/tinkin/tinkin/laravel/projects/gestions-comptes/vendor/zircote/swagger-php/src/Annotations/AbstractAnnotation.php(592): OpenApi\\Annotations\\AbstractAnnotation->validate()
#23 /media/tinkin/tinkin/laravel/projects/gestions-comptes/vendor/zircote/swagger-php/src/Annotations/AbstractAnnotation.php(598): OpenApi\\Annotations\\AbstractAnnotation::_validate()
#24 /media/tinkin/tinkin/laravel/projects/gestions-comptes/vendor/zircote/swagger-php/src/Annotations/AbstractAnnotation.php(565): OpenApi\\Annotations\\AbstractAnnotation::_validate()
#25 /media/tinkin/tinkin/laravel/projects/gestions-comptes/vendor/zircote/swagger-php/src/Annotations/OpenApi.php(170): OpenApi\\Annotations\\AbstractAnnotation->validate()
#26 /media/tinkin/tinkin/laravel/projects/gestions-comptes/vendor/zircote/swagger-php/src/Analysis.php(440): OpenApi\\Annotations\\OpenApi->validate()
#27 /media/tinkin/tinkin/laravel/projects/gestions-comptes/vendor/zircote/swagger-php/src/Generator.php(511): OpenApi\\Analysis->validate()
#28 /media/tinkin/tinkin/laravel/projects/gestions-comptes/vendor/darkaonline/l5-swagger/src/Generator.php(191): OpenApi\\Generator->generate()
#29 /media/tinkin/tinkin/laravel/projects/gestions-comptes/vendor/darkaonline/l5-swagger/src/Generator.php(132): L5Swagger\\Generator->scanFilesForDocumentation()
#30 /media/tinkin/tinkin/laravel/projects/gestions-comptes/vendor/darkaonline/l5-swagger/src/Console/GenerateDocsCommand.php(72): L5Swagger\\Generator->generateDocs()
#31 /media/tinkin/tinkin/laravel/projects/gestions-comptes/vendor/darkaonline/l5-swagger/src/Console/GenerateDocsCommand.php(58): L5Swagger\\Console\\GenerateDocsCommand->generateDocumentation()
#32 /media/tinkin/tinkin/laravel/projects/gestions-comptes/vendor/laravel/framework/src/Illuminate/Container/BoundMethod.php(36): L5Swagger\\Console\\GenerateDocsCommand->handle()
#33 /media/tinkin/tinkin/laravel/projects/gestions-comptes/vendor/laravel/framework/src/Illuminate/Container/Util.php(41): Illuminate\\Container\\BoundMethod::{closure:Illuminate\\Container\\BoundMethod::call():35}()
#34 /media/tinkin/tinkin/laravel/projects/gestions-comptes/vendor/laravel/framework/src/Illuminate/Container/BoundMethod.php(93): Illuminate\\Container\\Util::unwrapIfClosure()
#35 /media/tinkin/tinkin/laravel/projects/gestions-comptes/vendor/laravel/framework/src/Illuminate/Container/BoundMethod.php(35): Illuminate\\Container\\BoundMethod::callBoundMethod()
#36 /media/tinkin/tinkin/laravel/projects/gestions-comptes/vendor/laravel/framework/src/Illuminate/Container/Container.php(662): Illuminate\\Container\\BoundMethod::call()
#37 /media/tinkin/tinkin/laravel/projects/gestions-comptes/vendor/laravel/framework/src/Illuminate/Console/Command.php(211): Illuminate\\Container\\Container->call()
#38 /media/tinkin/tinkin/laravel/projects/gestions-comptes/vendor/symfony/console/Command/Command.php(326): Illuminate\\Console\\Command->execute()
#39 /media/tinkin/tinkin/laravel/projects/gestions-comptes/vendor/laravel/framework/src/Illuminate/Console/Command.php(180): Symfony\\Component\\Console\\Command\\Command->run()
#40 /media/tinkin/tinkin/laravel/projects/gestions-comptes/vendor/symfony/console/Application.php(1096): Illuminate\\Console\\Command->run()
#41 /media/tinkin/tinkin/laravel/projects/gestions-comptes/vendor/symfony/console/Application.php(324): Symfony\\Component\\Console\\Application->doRunCommand()
#42 /media/tinkin/tinkin/laravel/projects/gestions-comptes/vendor/symfony/console/Application.php(175): Symfony\\Component\\Console\\Application->doRun()
#43 /media/tinkin/tinkin/laravel/projects/gestions-comptes/vendor/laravel/framework/src/Illuminate/Foundation/Console/Kernel.php(201): Symfony\\Component\\Console\\Application->run()
#44 /media/tinkin/tinkin/laravel/projects/gestions-comptes/artisan(35): Illuminate\\Foundation\\Console\\Kernel->handle()
#45 {main}
"} 
[2025-10-23 17:48:37] local.ERROR: Please provide a valid cache path. {"exception":"[object] (InvalidArgumentException(code: 0): Please provide a valid cache path. at /media/tinkin/tinkin/laravel/projects/gestions-comptes/vendor/laravel/framework/src/Illuminate/View/Compilers/Compiler.php:67)
[stacktrace]
#0 /media/tinkin/tinkin/laravel/projects/gestions-comptes/vendor/laravel/framework/src/Illuminate/View/ViewServiceProvider.php(97): Illuminate\\View\\Compilers\\Compiler->__construct()
#1 /media/tinkin/tinkin/laravel/projects/gestions-comptes/vendor/laravel/framework/src/Illuminate/Container/Container.php(908): Illuminate\\View\\ViewServiceProvider->{closure:Illuminate\\View\\ViewServiceProvider::registerBladeCompiler():96}()
#2 /media/tinkin/tinkin/laravel/projects/gestions-comptes/vendor/laravel/framework/src/Illuminate/Container/Container.php(795): Illuminate\\Container\\Container->build()
#3 /media/tinkin/tinkin/laravel/projects/gestions-comptes/vendor/laravel/framework/src/Illuminate/Foundation/Application.php(986): Illuminate\\Container\\Container->resolve()
#4 /media/tinkin/tinkin/laravel/projects/gestions-comptes/vendor/laravel/framework/src/Illuminate/Container/Container.php(731): Illuminate\\Foundation\\Application->resolve()
#5 /media/tinkin/tinkin/laravel/projects/gestions-comptes/vendor/laravel/framework/src/Illuminate/Foundation/Application.php(971): Illuminate\\Container\\Container->make()
#6 /media/tinkin/tinkin/laravel/projects/gestions-comptes/vendor/laravel/framework/src/Illuminate/View/ViewServiceProvider.php(168): Illuminate\\Foundation\\Application->make()
#7 [internal function]: Illuminate\\View\\ViewServiceProvider->{closure:Illuminate\\View\\ViewServiceProvider::registerBladeEngine():164}()
#8 /media/tinkin/tinkin/laravel/projects/gestions-comptes/vendor/laravel/framework/src/Illuminate/View/Engines/EngineResolver.php(55): call_user_func()
#9 /media/tinkin/tinkin/laravel/projects/gestions-comptes/vendor/laravel/framework/src/Illuminate/View/Factory.php(310): Illuminate\\View\\Engines\\EngineResolver->resolve()
#10 /media/tinkin/tinkin/laravel/projects/gestions-comptes/vendor/laravel/framework/src/Illuminate/View/Factory.php(274): Illuminate\\View\\Factory->getEngineFromPath()
#11 /media/tinkin/tinkin/laravel/projects/gestions-comptes/vendor/laravel/framework/src/Illuminate/View/Factory.php(146): Illuminate\\View\\Factory->viewInstance()
#12 /media/tinkin/tinkin/laravel/projects/gestions-comptes/vendor/laravel/framework/src/Illuminate/Foundation/helpers.php(1020): Illuminate\\View\\Factory->make()
#13 /media/tinkin/tinkin/laravel/projects/gestions-comptes/vendor/darkaonline/l5-swagger/src/Http/Controllers/SwaggerController.php(120): view()
#14 /media/tinkin/tinkin/laravel/projects/gestions-comptes/vendor/laravel/framework/src/Illuminate/Routing/Controller.php(54): L5Swagger\\Http\\Controllers\\SwaggerController->api()
#15 /media/tinkin/tinkin/laravel/projects/gestions-comptes/vendor/laravel/framework/src/Illuminate/Routing/ControllerDispatcher.php(43): Illuminate\\Routing\\Controller->callAction()
#16 /media/tinkin/tinkin/laravel/projects/gestions-comptes/vendor/laravel/framework/src/Illuminate/Routing/Route.php(259): Illuminate\\Routing\\ControllerDispatcher->dispatch()
#17 /media/tinkin/tinkin/laravel/projects/gestions-comptes/vendor/laravel/framework/src/Illuminate/Routing/Route.php(205): Illuminate\\Routing\\Route->runController()
#18 /media/tinkin/tinkin/laravel/projects/gestions-comptes/vendor/laravel/framework/src/Illuminate/Routing/Router.php(806): Illuminate\\Routing\\Route->run()
#19 /media/tinkin/tinkin/laravel/projects/gestions-comptes/vendor/laravel/framework/src/Illuminate/Pipeline/Pipeline.php(144): Illuminate\\Routing\\Router->{closure:Illuminate\\Routing\\Router::runRouteWithinStack():805}()
#20 /media/tinkin/tinkin/laravel/projects/gestions-comptes/vendor/darkaonline/l5-swagger/src/Http/Middleware/Config.php(44): Illuminate\\Pipeline\\Pipeline->{closure:Illuminate\\Pipeline\\Pipeline::prepareDestination():142}()
#21 /media/tinkin/tinkin/laravel/projects/gestions-comptes/vendor/laravel/framework/src/Illuminate/Pipeline/Pipeline.php(183): L5Swagger\\Http\\Middleware\\Config->handle()
#22 /media/tinkin/tinkin/laravel/projects/gestions-comptes/vendor/laravel/framework/src/Illuminate/Pipeline/Pipeline.php(119): Illuminate\\Pipeline\\Pipeline->{closure:{closure:Illuminate\\Pipeline\\Pipeline::carry():158}:159}()
#23 /media/tinkin/tinkin/laravel/projects/gestions-comptes/vendor/laravel/framework/src/Illuminate/Routing/Router.php(805): Illuminate\\Pipeline\\Pipeline->then()
#24 /media/tinkin/tinkin/laravel/projects/gestions-comptes/vendor/laravel/framework/src/Illuminate/Routing/Router.php(784): Illuminate\\Routing\\Router->runRouteWithinStack()
#25 /media/tinkin/tinkin/laravel/projects/gestions-comptes/vendor/laravel/framework/src/Illuminate/Routing/Router.php(748): Illuminate\\Routing\\Router->runRoute()
#26 /media/tinkin/tinkin/laravel/projects/gestions-comptes/vendor/laravel/framework/src/Illuminate/Routing/Router.php(737): Illuminate\\Routing\\Router->dispatchToRoute()
#27 /media/tinkin/tinkin/laravel/projects/gestions-comptes/vendor/laravel/framework/src/Illuminate/Foundation/Http/Kernel.php(200): Illuminate\\Routing\\Router->dispatch()
#28 /media/tinkin/tinkin/laravel/projects/gestions-comptes/vendor/laravel/framework/src/Illuminate/Pipeline/Pipeline.php(144): Illuminate\\Foundation\\Http\\Kernel->{closure:Illuminate\\Foundation\\Http\\Kernel::dispatchToRouter():197}()
#29 /media/tinkin/tinkin/laravel/projects/gestions-comptes/vendor/barryvdh/laravel-debugbar/src/Middleware/InjectDebugbar.php(66): Illuminate\\Pipeline\\Pipeline->{closure:Illuminate\\Pipeline\\Pipeline::prepareDestination():142}()
#30 /media/tinkin/tinkin/laravel/projects/gestions-comptes/vendor/laravel/framework/src/Illuminate/Pipeline/Pipeline.php(183): Barryvdh\\Debugbar\\Middleware\\InjectDebugbar->handle()
#31 /media/tinkin/tinkin/laravel/projects/gestions-comptes/vendor/laravel/framework/src/Illuminate/Foundation/Http/Middleware/TransformsRequest.php(21): Illuminate\\Pipeline\\Pipeline->{closure:{closure:Illuminate\\Pipeline\\Pipeline::carry():158}:159}()
#32 /media/tinkin/tinkin/laravel/projects/gestions-comptes/vendor/laravel/framework/src/Illuminate/Foundation/Http/Middleware/ConvertEmptyStringsToNull.php(31): Illuminate\\Foundation\\Http\\Middleware\\TransformsRequest->handle()
#33 /media/tinkin/tinkin/laravel/projects/gestions-comptes/vendor/laravel/framework/src/Illuminate/Pipeline/Pipeline.php(183): Illuminate\\Foundation\\Http\\Middleware\\ConvertEmptyStringsToNull->handle()
#34 /media/tinkin/tinkin/laravel/projects/gestions-comptes/vendor/laravel/framework/src/Illuminate/Foundation/Http/Middleware/TransformsRequest.php(21): Illuminate\\Pipeline\\Pipeline->{closure:{closure:Illuminate\\Pipeline\\Pipeline::carry():158}:159}()
#35 /media/tinkin/tinkin/laravel/projects/gestions-comptes/vendor/laravel/framework/src/Illuminate/Foundation/Http/Middleware/TrimStrings.php(40): Illuminate\\Foundation\\Http\\Middleware\\TransformsRequest->handle()
#36 /media/tinkin/tinkin/laravel/projects/gestions-comptes/vendor/laravel/framework/src/Illuminate/Pipeline/Pipeline.php(183): Illuminate\\Foundation\\Http\\Middleware\\TrimStrings->handle()
#37 /media/tinkin/tinkin/laravel/projects/gestions-comptes/vendor/laravel/framework/src/Illuminate/Foundation/Http/Middleware/ValidatePostSize.php(27): Illuminate\\Pipeline\\Pipeline->{closure:{closure:Illuminate\\Pipeline\\Pipeline::carry():158}:159}()
#38 /media/tinkin/tinkin/laravel/projects/gestions-comptes/vendor/laravel/framework/src/Illuminate/Pipeline/Pipeline.php(183): Illuminate\\Foundation\\Http\\Middleware\\ValidatePostSize->handle()
#39 /media/tinkin/tinkin/laravel/projects/gestions-comptes/vendor/laravel/framework/src/Illuminate/Foundation/Http/Middleware/PreventRequestsDuringMaintenance.php(99): Illuminate\\Pipeline\\Pipeline->{closure:{closure:Illuminate\\Pipeline\\Pipeline::carry():158}:159}()
#40 /media/tinkin/tinkin/laravel/projects/gestions-comptes/vendor/laravel/framework/src/Illuminate/Pipeline/Pipeline.php(183): Illuminate\\Foundation\\Http\\Middleware\\PreventRequestsDuringMaintenance->handle()
#41 /media/tinkin/tinkin/laravel/projects/gestions-comptes/vendor/laravel/framework/src/Illuminate/Http/Middleware/HandleCors.php(62): Illuminate\\Pipeline\\Pipeline->{closure:{closure:Illuminate\\Pipeline\\Pipeline::carry():158}:159}()
#42 /media/tinkin/tinkin/laravel/projects/gestions-comptes/vendor/laravel/framework/src/Illuminate/Pipeline/Pipeline.php(183): Illuminate\\Http\\Middleware\\HandleCors->handle()
#43 /media/tinkin/tinkin/laravel/projects/gestions-comptes/vendor/laravel/framework/src/Illuminate/Http/Middleware/TrustProxies.php(39): Illuminate\\Pipeline\\Pipeline->{closure:{closure:Illuminate\\Pipeline\\Pipeline::carry():158}:159}()
#44 /media/tinkin/tinkin/laravel/projects/gestions-comptes/vendor/laravel/framework/src/Illuminate/Pipeline/Pipeline.php(183): Illuminate\\Http\\Middleware\\TrustProxies->handle()
#45 /media/tinkin/tinkin/laravel/projects/gestions-comptes/vendor/laravel/framework/src/Illuminate/Pipeline/Pipeline.php(119): Illuminate\\Pipeline\\Pipeline->{closure:{closure:Illuminate\\Pipeline\\Pipeline::carry():158}:159}()
#46 /media/tinkin/tinkin/laravel/projects/gestions-comptes/vendor/laravel/framework/src/Illuminate/Foundation/Http/Kernel.php(175): Illuminate\\Pipeline\\Pipeline->then()
#47 /media/tinkin/tinkin/laravel/projects/gestions-comptes/vendor/laravel/framework/src/Illuminate/Foundation/Http/Kernel.php(144): Illuminate\\Foundation\\Http\\Kernel->sendRequestThroughRouter()
#48 /media/tinkin/tinkin/laravel/projects/gestions-comptes/public/index.php(51): Illuminate\\Foundation\\Http\\Kernel->handle()
#49 /media/tinkin/tinkin/laravel/projects/gestions-comptes/vendor/laravel/framework/src/Illuminate/Foundation/resources/server.php(16): require_once('...')
#50 {main}
"} 
[2025-10-23 17:48:38] local.ERROR: Please provide a valid cache path. {"exception":"[object] (InvalidArgumentException(code: 0): Please provide a valid cache path. at /media/tinkin/tinkin/laravel/projects/gestions-comptes/vendor/laravel/framework/src/Illuminate/View/Compilers/Compiler.php:67)
[stacktrace]
#0 /media/tinkin/tinkin/laravel/projects/gestions-comptes/vendor/laravel/framework/src/Illuminate/View/ViewServiceProvider.php(97): Illuminate\\View\\Compilers\\Compiler->__construct()
#1 /media/tinkin/tinkin/laravel/projects/gestions-comptes/vendor/laravel/framework/src/Illuminate/Container/Container.php(908): Illuminate\\View\\ViewServiceProvider->{closure:Illuminate\\View\\ViewServiceProvider::registerBladeCompiler():96}()
#2 /media/tinkin/tinkin/laravel/projects/gestions-comptes/vendor/laravel/framework/src/Illuminate/Container/Container.php(795): Illuminate\\Container\\Container->build()
#3 /media/tinkin/tinkin/laravel/projects/gestions-comptes/vendor/laravel/framework/src/Illuminate/Foundation/Application.php(986): Illuminate\\Container\\Container->resolve()
#4 /media/tinkin/tinkin/laravel/projects/gestions-comptes/vendor/laravel/framework/src/Illuminate/Container/Container.php(731): Illuminate\\Foundation\\Application->resolve()
#5 /media/tinkin/tinkin/laravel/projects/gestions-comptes/vendor/laravel/framework/src/Illuminate/Foundation/Application.php(971): Illuminate\\Container\\Container->make()
#6 /media/tinkin/tinkin/laravel/projects/gestions-comptes/vendor/laravel/framework/src/Illuminate/View/ViewServiceProvider.php(168): Illuminate\\Foundation\\Application->make()
#7 [internal function]: Illuminate\\View\\ViewServiceProvider->{closure:Illuminate\\View\\ViewServiceProvider::registerBladeEngine():164}()
#8 /media/tinkin/tinkin/laravel/projects/gestions-comptes/vendor/laravel/framework/src/Illuminate/View/Engines/EngineResolver.php(55): call_user_func()
#9 /media/tinkin/tinkin/laravel/projects/gestions-comptes/vendor/laravel/framework/src/Illuminate/View/Factory.php(310): Illuminate\\View\\Engines\\EngineResolver->resolve()
#10 /media/tinkin/tinkin/laravel/projects/gestions-comptes/vendor/laravel/framework/src/Illuminate/View/Factory.php(274): Illuminate\\View\\Factory->getEngineFromPath()
#11 /media/tinkin/tinkin/laravel/projects/gestions-comptes/vendor/laravel/framework/src/Illuminate/View/Factory.php(146): Illuminate\\View\\Factory->viewInstance()
#12 /media/tinkin/tinkin/laravel/projects/gestions-comptes/vendor/laravel/framework/src/Illuminate/Foundation/helpers.php(1020): Illuminate\\View\\Factory->make()
#13 /media/tinkin/tinkin/laravel/projects/gestions-comptes/vendor/darkaonline/l5-swagger/src/Http/Controllers/SwaggerController.php(120): view()
#14 /media/tinkin/tinkin/laravel/projects/gestions-comptes/vendor/laravel/framework/src/Illuminate/Routing/Controller.php(54): L5Swagger\\Http\\Controllers\\SwaggerController->api()
#15 /media/tinkin/tinkin/laravel/projects/gestions-comptes/vendor/laravel/framework/src/Illuminate/Routing/ControllerDispatcher.php(43): Illuminate\\Routing\\Controller->callAction()
#16 /media/tinkin/tinkin/laravel/projects/gestions-comptes/vendor/laravel/framework/src/Illuminate/Routing/Route.php(259): Illuminate\\Routing\\ControllerDispatcher->dispatch()
#17 /media/tinkin/tinkin/laravel/projects/gestions-comptes/vendor/laravel/framework/src/Illuminate/Routing/Route.php(205): Illuminate\\Routing\\Route->runController()
#18 /media/tinkin/tinkin/laravel/projects/gestions-comptes/vendor/laravel/framework/src/Illuminate/Routing/Router.php(806): Illuminate\\Routing\\Route->run()
#19 /media/tinkin/tinkin/laravel/projects/gestions-comptes/vendor/laravel/framework/src/Illuminate/Pipeline/Pipeline.php(144): Illuminate\\Routing\\Router->{closure:Illuminate\\Routing\\Router::runRouteWithinStack():805}()
#20 /media/tinkin/tinkin/laravel/projects/gestions-comptes/vendor/darkaonline/l5-swagger/src/Http/Middleware/Config.php(44): Illuminate\\Pipeline\\Pipeline->{closure:Illuminate\\Pipeline\\Pipeline::prepareDestination():142}()
#21 /media/tinkin/tinkin/laravel/projects/gestions-comptes/vendor/laravel/framework/src/Illuminate/Pipeline/Pipeline.php(183): L5Swagger\\Http\\Middleware\\Config->handle()
#22 /media/tinkin/tinkin/laravel/projects/gestions-comptes/vendor/laravel/framework/src/Illuminate/Pipeline/Pipeline.php(119): Illuminate\\Pipeline\\Pipeline->{closure:{closure:Illuminate\\Pipeline\\Pipeline::carry():158}:159}()
#23 /media/tinkin/tinkin/laravel/projects/gestions-comptes/vendor/laravel/framework/src/Illuminate/Routing/Router.php(805): Illuminate\\Pipeline\\Pipeline->then()
#24 /media/tinkin/tinkin/laravel/projects/gestions-comptes/vendor/laravel/framework/src/Illuminate/Routing/Router.php(784): Illuminate\\Routing\\Router->runRouteWithinStack()
#25 /media/tinkin/tinkin/laravel/projects/gestions-comptes/vendor/laravel/framework/src/Illuminate/Routing/Router.php(748): Illuminate\\Routing\\Router->runRoute()
#26 /media/tinkin/tinkin/laravel/projects/gestions-comptes/vendor/laravel/framework/src/Illuminate/Routing/Router.php(737): Illuminate\\Routing\\Router->dispatchToRoute()
#27 /media/tinkin/tinkin/laravel/projects/gestions-comptes/vendor/laravel/framework/src/Illuminate/Foundation/Http/Kernel.php(200): Illuminate\\Routing\\Router->dispatch()
#28 /media/tinkin/tinkin/laravel/projects/gestions-comptes/vendor/laravel/framework/src/Illuminate/Pipeline/Pipeline.php(144): Illuminate\\Foundation\\Http\\Kernel->{closure:Illuminate\\Foundation\\Http\\Kernel::dispatchToRouter():197}()
#29 /media/tinkin/tinkin/laravel/projects/gestions-comptes/vendor/barryvdh/laravel-debugbar/src/Middleware/InjectDebugbar.php(66): Illuminate\\Pipeline\\Pipeline->{closure:Illuminate\\Pipeline\\Pipeline::prepareDestination():142}()
#30 /media/tinkin/tinkin/laravel/projects/gestions-comptes/vendor/laravel/framework/src/Illuminate/Pipeline/Pipeline.php(183): Barryvdh\\Debugbar\\Middleware\\InjectDebugbar->handle()
#31 /media/tinkin/tinkin/laravel/projects/gestions-comptes/vendor/laravel/framework/src/Illuminate/Foundation/Http/Middleware/TransformsRequest.php(21): Illuminate\\Pipeline\\Pipeline->{closure:{closure:Illuminate\\Pipeline\\Pipeline::carry():158}:159}()
#32 /media/tinkin/tinkin/laravel/projects/gestions-comptes/vendor/laravel/framework/src/Illuminate/Foundation/Http/Middleware/ConvertEmptyStringsToNull.php(31): Illuminate\\Foundation\\Http\\Middleware\\TransformsRequest->handle()
#33 /media/tinkin/tinkin/laravel/projects/gestions-comptes/vendor/laravel/framework/src/Illuminate/Pipeline/Pipeline.php(183): Illuminate\\Foundation\\Http\\Middleware\\ConvertEmptyStringsToNull->handle()
#34 /media/tinkin/tinkin/laravel/projects/gestions-comptes/vendor/laravel/framework/src/Illuminate/Foundation/Http/Middleware/TransformsRequest.php(21): Illuminate\\Pipeline\\Pipeline->{closure:{closure:Illuminate\\Pipeline\\Pipeline::carry():158}:159}()
#35 /media/tinkin/tinkin/laravel/projects/gestions-comptes/vendor/laravel/framework/src/Illuminate/Foundation/Http/Middleware/TrimStrings.php(40): Illuminate\\Foundation\\Http\\Middleware\\TransformsRequest->handle()
#36 /media/tinkin/tinkin/laravel/projects/gestions-comptes/vendor/laravel/framework/src/Illuminate/Pipeline/Pipeline.php(183): Illuminate\\Foundation\\Http\\Middleware\\TrimStrings->handle()
#37 /media/tinkin/tinkin/laravel/projects/gestions-comptes/vendor/laravel/framework/src/Illuminate/Foundation/Http/Middleware/ValidatePostSize.php(27): Illuminate\\Pipeline\\Pipeline->{closure:{closure:Illuminate\\Pipeline\\Pipeline::carry():158}:159}()
#38 /media/tinkin/tinkin/laravel/projects/gestions-comptes/vendor/laravel/framework/src/Illuminate/Pipeline/Pipeline.php(183): Illuminate\\Foundation\\Http\\Middleware\\ValidatePostSize->handle()
#39 /media/tinkin/tinkin/laravel/projects/gestions-comptes/vendor/laravel/framework/src/Illuminate/Foundation/Http/Middleware/PreventRequestsDuringMaintenance.php(99): Illuminate\\Pipeline\\Pipeline->{closure:{closure:Illuminate\\Pipeline\\Pipeline::carry():158}:159}()
#40 /media/tinkin/tinkin/laravel/projects/gestions-comptes/vendor/laravel/framework/src/Illuminate/Pipeline/Pipeline.php(183): Illuminate\\Foundation\\Http\\Middleware\\PreventRequestsDuringMaintenance->handle()
#41 /media/tinkin/tinkin/laravel/projects/gestions-comptes/vendor/laravel/framework/src/Illuminate/Http/Middleware/HandleCors.php(62): Illuminate\\Pipeline\\Pipeline->{closure:{closure:Illuminate\\Pipeline\\Pipeline::carry():158}:159}()
#42 /media/tinkin/tinkin/laravel/projects/gestions-comptes/vendor/laravel/framework/src/Illuminate/Pipeline/Pipeline.php(183): Illuminate\\Http\\Middleware\\HandleCors->handle()
#43 /media/tinkin/tinkin/laravel/projects/gestions-comptes/vendor/laravel/framework/src/Illuminate/Http/Middleware/TrustProxies.php(39): Illuminate\\Pipeline\\Pipeline->{closure:{closure:Illuminate\\Pipeline\\Pipeline::carry():158}:159}()
#44 /media/tinkin/tinkin/laravel/projects/gestions-comptes/vendor/laravel/framework/src/Illuminate/Pipeline/Pipeline.php(183): Illuminate\\Http\\Middleware\\TrustProxies->handle()
#45 /media/tinkin/tinkin/laravel/projects/gestions-comptes/vendor/laravel/framework/src/Illuminate/Pipeline/Pipeline.php(119): Illuminate\\Pipeline\\Pipeline->{closure:{closure:Illuminate\\Pipeline\\Pipeline::carry():158}:159}()
#46 /media/tinkin/tinkin/laravel/projects/gestions-comptes/vendor/laravel/framework/src/Illuminate/Foundation/Http/Kernel.php(175): Illuminate\\Pipeline\\Pipeline->then()
#47 /media/tinkin/tinkin/laravel/projects/gestions-comptes/vendor/laravel/framework/src/Illuminate/Foundation/Http/Kernel.php(144): Illuminate\\Foundation\\Http\\Kernel->sendRequestThroughRouter()
#48 /media/tinkin/tinkin/laravel/projects/gestions-comptes/public/index.php(51): Illuminate\\Foundation\\Http\\Kernel->handle()
#49 /media/tinkin/tinkin/laravel/projects/gestions-comptes/vendor/laravel/framework/src/Illuminate/Foundation/resources/server.php(16): require_once('...')
#50 {main}
"} 
[2025-10-23 17:48:39] local.ERROR: Please provide a valid cache path. {"exception":"[object] (InvalidArgumentException(code: 0): Please provide a valid cache path. at /media/tinkin/tinkin/laravel/projects/gestions-comptes/vendor/laravel/framework/src/Illuminate/View/Compilers/Compiler.php:67)
[stacktrace]
#0 /media/tinkin/tinkin/laravel/projects/gestions-comptes/vendor/laravel/framework/src/Illuminate/View/ViewServiceProvider.php(97): Illuminate\\View\\Compilers\\Compiler->__construct()
#1 /media/tinkin/tinkin/laravel/projects/gestions-comptes/vendor/laravel/framework/src/Illuminate/Container/Container.php(908): Illuminate\\View\\ViewServiceProvider->{closure:Illuminate\\View\\ViewServiceProvider::registerBladeCompiler():96}()
#2 /media/tinkin/tinkin/laravel/projects/gestions-comptes/vendor/laravel/framework/src/Illuminate/Container/Container.php(795): Illuminate\\Container\\Container->build()
#3 /media/tinkin/tinkin/laravel/projects/gestions-comptes/vendor/laravel/framework/src/Illuminate/Foundation/Application.php(986): Illuminate\\Container\\Container->resolve()
#4 /media/tinkin/tinkin/laravel/projects/gestions-comptes/vendor/laravel/framework/src/Illuminate/Container/Container.php(731): Illuminate\\Foundation\\Application->resolve()
#5 /media/tinkin/tinkin/laravel/projects/gestions-comptes/vendor/laravel/framework/src/Illuminate/Foundation/Application.php(971): Illuminate\\Container\\Container->make()
#6 /media/tinkin/tinkin/laravel/projects/gestions-comptes/vendor/laravel/framework/src/Illuminate/View/ViewServiceProvider.php(168): Illuminate\\Foundation\\Application->make()
#7 [internal function]: Illuminate\\View\\ViewServiceProvider->{closure:Illuminate\\View\\ViewServiceProvider::registerBladeEngine():164}()
#8 /media/tinkin/tinkin/laravel/projects/gestions-comptes/vendor/laravel/framework/src/Illuminate/View/Engines/EngineResolver.php(55): call_user_func()
#9 /media/tinkin/tinkin/laravel/projects/gestions-comptes/vendor/laravel/framework/src/Illuminate/View/Factory.php(310): Illuminate\\View\\Engines\\EngineResolver->resolve()
#10 /media/tinkin/tinkin/laravel/projects/gestions-comptes/vendor/laravel/framework/src/Illuminate/View/Factory.php(274): Illuminate\\View\\Factory->getEngineFromPath()
#11 /media/tinkin/tinkin/laravel/projects/gestions-comptes/vendor/laravel/framework/src/Illuminate/View/Factory.php(146): Illuminate\\View\\Factory->viewInstance()
#12 /media/tinkin/tinkin/laravel/projects/gestions-comptes/vendor/laravel/framework/src/Illuminate/Foundation/helpers.php(1020): Illuminate\\View\\Factory->make()
#13 /media/tinkin/tinkin/laravel/projects/gestions-comptes/vendor/darkaonline/l5-swagger/src/Http/Controllers/SwaggerController.php(120): view()
#14 /media/tinkin/tinkin/laravel/projects/gestions-comptes/vendor/laravel/framework/src/Illuminate/Routing/Controller.php(54): L5Swagger\\Http\\Controllers\\SwaggerController->api()
#15 /media/tinkin/tinkin/laravel/projects/gestions-comptes/vendor/laravel/framework/src/Illuminate/Routing/ControllerDispatcher.php(43): Illuminate\\Routing\\Controller->callAction()
#16 /media/tinkin/tinkin/laravel/projects/gestions-comptes/vendor/laravel/framework/src/Illuminate/Routing/Route.php(259): Illuminate\\Routing\\ControllerDispatcher->dispatch()
#17 /media/tinkin/tinkin/laravel/projects/gestions-comptes/vendor/laravel/framework/src/Illuminate/Routing/Route.php(205): Illuminate\\Routing\\Route->runController()
#18 /media/tinkin/tinkin/laravel/projects/gestions-comptes/vendor/laravel/framework/src/Illuminate/Routing/Router.php(806): Illuminate\\Routing\\Route->run()
#19 /media/tinkin/tinkin/laravel/projects/gestions-comptes/vendor/laravel/framework/src/Illuminate/Pipeline/Pipeline.php(144): Illuminate\\Routing\\Router->{closure:Illuminate\\Routing\\Router::runRouteWithinStack():805}()
#20 /media/tinkin/tinkin/laravel/projects/gestions-comptes/vendor/darkaonline/l5-swagger/src/Http/Middleware/Config.php(44): Illuminate\\Pipeline\\Pipeline->{closure:Illuminate\\Pipeline\\Pipeline::prepareDestination():142}()
#21 /media/tinkin/tinkin/laravel/projects/gestions-comptes/vendor/laravel/framework/src/Illuminate/Pipeline/Pipeline.php(183): L5Swagger\\Http\\Middleware\\Config->handle()
#22 /media/tinkin/tinkin/laravel/projects/gestions-comptes/vendor/laravel/framework/src/Illuminate/Pipeline/Pipeline.php(119): Illuminate\\Pipeline\\Pipeline->{closure:{closure:Illuminate\\Pipeline\\Pipeline::carry():158}:159}()
#23 /media/tinkin/tinkin/laravel/projects/gestions-comptes/vendor/laravel/framework/src/Illuminate/Routing/Router.php(805): Illuminate\\Pipeline\\Pipeline->then()
#24 /media/tinkin/tinkin/laravel/projects/gestions-comptes/vendor/laravel/framework/src/Illuminate/Routing/Router.php(784): Illuminate\\Routing\\Router->runRouteWithinStack()
#25 /media/tinkin/tinkin/laravel/projects/gestions-comptes/vendor/laravel/framework/src/Illuminate/Routing/Router.php(748): Illuminate\\Routing\\Router->runRoute()
#26 /media/tinkin/tinkin/laravel/projects/gestions-comptes/vendor/laravel/framework/src/Illuminate/Routing/Router.php(737): Illuminate\\Routing\\Router->dispatchToRoute()
#27 /media/tinkin/tinkin/laravel/projects/gestions-comptes/vendor/laravel/framework/src/Illuminate/Foundation/Http/Kernel.php(200): Illuminate\\Routing\\Router->dispatch()
#28 /media/tinkin/tinkin/laravel/projects/gestions-comptes/vendor/laravel/framework/src/Illuminate/Pipeline/Pipeline.php(144): Illuminate\\Foundation\\Http\\Kernel->{closure:Illuminate\\Foundation\\Http\\Kernel::dispatchToRouter():197}()
#29 /media/tinkin/tinkin/laravel/projects/gestions-comptes/vendor/barryvdh/laravel-debugbar/src/Middleware/InjectDebugbar.php(66): Illuminate\\Pipeline\\Pipeline->{closure:Illuminate\\Pipeline\\Pipeline::prepareDestination():142}()
#30 /media/tinkin/tinkin/laravel/projects/gestions-comptes/vendor/laravel/framework/src/Illuminate/Pipeline/Pipeline.php(183): Barryvdh\\Debugbar\\Middleware\\InjectDebugbar->handle()
#31 /media/tinkin/tinkin/laravel/projects/gestions-comptes/vendor/laravel/framework/src/Illuminate/Foundation/Http/Middleware/TransformsRequest.php(21): Illuminate\\Pipeline\\Pipeline->{closure:{closure:Illuminate\\Pipeline\\Pipeline::carry():158}:159}()
#32 /media/tinkin/tinkin/laravel/projects/gestions-comptes/vendor/laravel/framework/src/Illuminate/Foundation/Http/Middleware/ConvertEmptyStringsToNull.php(31): Illuminate\\Foundation\\Http\\Middleware\\TransformsRequest->handle()
#33 /media/tinkin/tinkin/laravel/projects/gestions-comptes/vendor/laravel/framework/src/Illuminate/Pipeline/Pipeline.php(183): Illuminate\\Foundation\\Http\\Middleware\\ConvertEmptyStringsToNull->handle()
#34 /media/tinkin/tinkin/laravel/projects/gestions-comptes/vendor/laravel/framework/src/Illuminate/Foundation/Http/Middleware/TransformsRequest.php(21): Illuminate\\Pipeline\\Pipeline->{closure:{closure:Illuminate\\Pipeline\\Pipeline::carry():158}:159}()
#35 /media/tinkin/tinkin/laravel/projects/gestions-comptes/vendor/laravel/framework/src/Illuminate/Foundation/Http/Middleware/TrimStrings.php(40): Illuminate\\Foundation\\Http\\Middleware\\TransformsRequest->handle()
#36 /media/tinkin/tinkin/laravel/projects/gestions-comptes/vendor/laravel/framework/src/Illuminate/Pipeline/Pipeline.php(183): Illuminate\\Foundation\\Http\\Middleware\\TrimStrings->handle()
#37 /media/tinkin/tinkin/laravel/projects/gestions-comptes/vendor/laravel/framework/src/Illuminate/Foundation/Http/Middleware/ValidatePostSize.php(27): Illuminate\\Pipeline\\Pipeline->{closure:{closure:Illuminate\\Pipeline\\Pipeline::carry():158}:159}()
#38 /media/tinkin/tinkin/laravel/projects/gestions-comptes/vendor/laravel/framework/src/Illuminate/Pipeline/Pipeline.php(183): Illuminate\\Foundation\\Http\\Middleware\\ValidatePostSize->handle()
#39 /media/tinkin/tinkin/laravel/projects/gestions-comptes/vendor/laravel/framework/src/Illuminate/Foundation/Http/Middleware/PreventRequestsDuringMaintenance.php(99): Illuminate\\Pipeline\\Pipeline->{closure:{closure:Illuminate\\Pipeline\\Pipeline::carry():158}:159}()
#40 /media/tinkin/tinkin/laravel/projects/gestions-comptes/vendor/laravel/framework/src/Illuminate/Pipeline/Pipeline.php(183): Illuminate\\Foundation\\Http\\Middleware\\PreventRequestsDuringMaintenance->handle()
#41 /media/tinkin/tinkin/laravel/projects/gestions-comptes/vendor/laravel/framework/src/Illuminate/Http/Middleware/HandleCors.php(62): Illuminate\\Pipeline\\Pipeline->{closure:{closure:Illuminate\\Pipeline\\Pipeline::carry():158}:159}()
#42 /media/tinkin/tinkin/laravel/projects/gestions-comptes/vendor/laravel/framework/src/Illuminate/Pipeline/Pipeline.php(183): Illuminate\\Http\\Middleware\\HandleCors->handle()
#43 /media/tinkin/tinkin/laravel/projects/gestions-comptes/vendor/laravel/framework/src/Illuminate/Http/Middleware/TrustProxies.php(39): Illuminate\\Pipeline\\Pipeline->{closure:{closure:Illuminate\\Pipeline\\Pipeline::carry():158}:159}()
#44 /media/tinkin/tinkin/laravel/projects/gestions-comptes/vendor/laravel/framework/src/Illuminate/Pipeline/Pipeline.php(183): Illuminate\\Http\\Middleware\\TrustProxies->handle()
#45 /media/tinkin/tinkin/laravel/projects/gestions-comptes/vendor/laravel/framework/src/Illuminate/Pipeline/Pipeline.php(119): Illuminate\\Pipeline\\Pipeline->{closure:{closure:Illuminate\\Pipeline\\Pipeline::carry():158}:159}()
#46 /media/tinkin/tinkin/laravel/projects/gestions-comptes/vendor/laravel/framework/src/Illuminate/Foundation/Http/Kernel.php(175): Illuminate\\Pipeline\\Pipeline->then()
#47 /media/tinkin/tinkin/laravel/projects/gestions-comptes/vendor/laravel/framework/src/Illuminate/Foundation/Http/Kernel.php(144): Illuminate\\Foundation\\Http\\Kernel->sendRequestThroughRouter()
#48 /media/tinkin/tinkin/laravel/projects/gestions-comptes/public/index.php(51): Illuminate\\Foundation\\Http\\Kernel->handle()
#49 /media/tinkin/tinkin/laravel/projects/gestions-comptes/vendor/laravel/framework/src/Illuminate/Foundation/resources/server.php(16): require_once('...')
#50 {main}
"} 
[2025-10-23 17:48:40] local.ERROR: Please provide a valid cache path. {"exception":"[object] (InvalidArgumentException(code: 0): Please provide a valid cache path. at /media/tinkin/tinkin/laravel/projects/gestions-comptes/vendor/laravel/framework/src/Illuminate/View/Compilers/Compiler.php:67)
[stacktrace]
#0 /media/tinkin/tinkin/laravel/projects/gestions-comptes/vendor/laravel/framework/src/Illuminate/View/ViewServiceProvider.php(97): Illuminate\\View\\Compilers\\Compiler->__construct()
#1 /media/tinkin/tinkin/laravel/projects/gestions-comptes/vendor/laravel/framework/src/Illuminate/Container/Container.php(908): Illuminate\\View\\ViewServiceProvider->{closure:Illuminate\\View\\ViewServiceProvider::registerBladeCompiler():96}()
#2 /media/tinkin/tinkin/laravel/projects/gestions-comptes/vendor/laravel/framework/src/Illuminate/Container/Container.php(795): Illuminate\\Container\\Container->build()
#3 /media/tinkin/tinkin/laravel/projects/gestions-comptes/vendor/laravel/framework/src/Illuminate/Foundation/Application.php(986): Illuminate\\Container\\Container->resolve()
#4 /media/tinkin/tinkin/laravel/projects/gestions-comptes/vendor/laravel/framework/src/Illuminate/Container/Container.php(731): Illuminate\\Foundation\\Application->resolve()
#5 /media/tinkin/tinkin/laravel/projects/gestions-comptes/vendor/laravel/framework/src/Illuminate/Foundation/Application.php(971): Illuminate\\Container\\Container->make()
#6 /media/tinkin/tinkin/laravel/projects/gestions-comptes/vendor/laravel/framework/src/Illuminate/View/ViewServiceProvider.php(168): Illuminate\\Foundation\\Application->make()
#7 [internal function]: Illuminate\\View\\ViewServiceProvider->{closure:Illuminate\\View\\ViewServiceProvider::registerBladeEngine():164}()
#8 /media/tinkin/tinkin/laravel/projects/gestions-comptes/vendor/laravel/framework/src/Illuminate/View/Engines/EngineResolver.php(55): call_user_func()
#9 /media/tinkin/tinkin/laravel/projects/gestions-comptes/vendor/laravel/framework/src/Illuminate/View/Factory.php(310): Illuminate\\View\\Engines\\EngineResolver->resolve()
#10 /media/tinkin/tinkin/laravel/projects/gestions-comptes/vendor/laravel/framework/src/Illuminate/View/Factory.php(274): Illuminate\\View\\Factory->getEngineFromPath()
#11 /media/tinkin/tinkin/laravel/projects/gestions-comptes/vendor/laravel/framework/src/Illuminate/View/Factory.php(146): Illuminate\\View\\Factory->viewInstance()
#12 /media/tinkin/tinkin/laravel/projects/gestions-comptes/vendor/laravel/framework/src/Illuminate/Foundation/helpers.php(1020): Illuminate\\View\\Factory->make()
#13 /media/tinkin/tinkin/laravel/projects/gestions-comptes/vendor/darkaonline/l5-swagger/src/Http/Controllers/SwaggerController.php(120): view()
#14 /media/tinkin/tinkin/laravel/projects/gestions-comptes/vendor/laravel/framework/src/Illuminate/Routing/Controller.php(54): L5Swagger\\Http\\Controllers\\SwaggerController->api()
#15 /media/tinkin/tinkin/laravel/projects/gestions-comptes/vendor/laravel/framework/src/Illuminate/Routing/ControllerDispatcher.php(43): Illuminate\\Routing\\Controller->callAction()
#16 /media/tinkin/tinkin/laravel/projects/gestions-comptes/vendor/laravel/framework/src/Illuminate/Routing/Route.php(259): Illuminate\\Routing\\ControllerDispatcher->dispatch()
#17 /media/tinkin/tinkin/laravel/projects/gestions-comptes/vendor/laravel/framework/src/Illuminate/Routing/Route.php(205): Illuminate\\Routing\\Route->runController()
#18 /media/tinkin/tinkin/laravel/projects/gestions-comptes/vendor/laravel/framework/src/Illuminate/Routing/Router.php(806): Illuminate\\Routing\\Route->run()
#19 /media/tinkin/tinkin/laravel/projects/gestions-comptes/vendor/laravel/framework/src/Illuminate/Pipeline/Pipeline.php(144): Illuminate\\Routing\\Router->{closure:Illuminate\\Routing\\Router::runRouteWithinStack():805}()
#20 /media/tinkin/tinkin/laravel/projects/gestions-comptes/vendor/darkaonline/l5-swagger/src/Http/Middleware/Config.php(44): Illuminate\\Pipeline\\Pipeline->{closure:Illuminate\\Pipeline\\Pipeline::prepareDestination():142}()
#21 /media/tinkin/tinkin/laravel/projects/gestions-comptes/vendor/laravel/framework/src/Illuminate/Pipeline/Pipeline.php(183): L5Swagger\\Http\\Middleware\\Config->handle()
#22 /media/tinkin/tinkin/laravel/projects/gestions-comptes/vendor/laravel/framework/src/Illuminate/Pipeline/Pipeline.php(119): Illuminate\\Pipeline\\Pipeline->{closure:{closure:Illuminate\\Pipeline\\Pipeline::carry():158}:159}()
#23 /media/tinkin/tinkin/laravel/projects/gestions-comptes/vendor/laravel/framework/src/Illuminate/Routing/Router.php(805): Illuminate\\Pipeline\\Pipeline->then()
#24 /media/tinkin/tinkin/laravel/projects/gestions-comptes/vendor/laravel/framework/src/Illuminate/Routing/Router.php(784): Illuminate\\Routing\\Router->runRouteWithinStack()
#25 /media/tinkin/tinkin/laravel/projects/gestions-comptes/vendor/laravel/framework/src/Illuminate/Routing/Router.php(748): Illuminate\\Routing\\Router->runRoute()
#26 /media/tinkin/tinkin/laravel/projects/gestions-comptes/vendor/laravel/framework/src/Illuminate/Routing/Router.php(737): Illuminate\\Routing\\Router->dispatchToRoute()
#27 /media/tinkin/tinkin/laravel/projects/gestions-comptes/vendor/laravel/framework/src/Illuminate/Foundation/Http/Kernel.php(200): Illuminate\\Routing\\Router->dispatch()
#28 /media/tinkin/tinkin/laravel/projects/gestions-comptes/vendor/laravel/framework/src/Illuminate/Pipeline/Pipeline.php(144): Illuminate\\Foundation\\Http\\Kernel->{closure:Illuminate\\Foundation\\Http\\Kernel::dispatchToRouter():197}()
#29 /media/tinkin/tinkin/laravel/projects/gestions-comptes/vendor/barryvdh/laravel-debugbar/src/Middleware/InjectDebugbar.php(66): Illuminate\\Pipeline\\Pipeline->{closure:Illuminate\\Pipeline\\Pipeline::prepareDestination():142}()
#30 /media/tinkin/tinkin/laravel/projects/gestions-comptes/vendor/laravel/framework/src/Illuminate/Pipeline/Pipeline.php(183): Barryvdh\\Debugbar\\Middleware\\InjectDebugbar->handle()
#31 /media/tinkin/tinkin/laravel/projects/gestions-comptes/vendor/laravel/framework/src/Illuminate/Foundation/Http/Middleware/TransformsRequest.php(21): Illuminate\\Pipeline\\Pipeline->{closure:{closure:Illuminate\\Pipeline\\Pipeline::carry():158}:159}()
#32 /media/tinkin/tinkin/laravel/projects/gestions-comptes/vendor/laravel/framework/src/Illuminate/Foundation/Http/Middleware/ConvertEmptyStringsToNull.php(31): Illuminate\\Foundation\\Http\\Middleware\\TransformsRequest->handle()
#33 /media/tinkin/tinkin/laravel/projects/gestions-comptes/vendor/laravel/framework/src/Illuminate/Pipeline/Pipeline.php(183): Illuminate\\Foundation\\Http\\Middleware\\ConvertEmptyStringsToNull->handle()
#34 /media/tinkin/tinkin/laravel/projects/gestions-comptes/vendor/laravel/framework/src/Illuminate/Foundation/Http/Middleware/TransformsRequest.php(21): Illuminate\\Pipeline\\Pipeline->{closure:{closure:Illuminate\\Pipeline\\Pipeline::carry():158}:159}()
#35 /media/tinkin/tinkin/laravel/projects/gestions-comptes/vendor/laravel/framework/src/Illuminate/Foundation/Http/Middleware/TrimStrings.php(40): Illuminate\\Foundation\\Http\\Middleware\\TransformsRequest->handle()
#36 /media/tinkin/tinkin/laravel/projects/gestions-comptes/vendor/laravel/framework/src/Illuminate/Pipeline/Pipeline.php(183): Illuminate\\Foundation\\Http\\Middleware\\TrimStrings->handle()
#37 /media/tinkin/tinkin/laravel/projects/gestions-comptes/vendor/laravel/framework/src/Illuminate/Foundation/Http/Middleware/ValidatePostSize.php(27): Illuminate\\Pipeline\\Pipeline->{closure:{closure:Illuminate\\Pipeline\\Pipeline::carry():158}:159}()
#38 /media/tinkin/tinkin/laravel/projects/gestions-comptes/vendor/laravel/framework/src/Illuminate/Pipeline/Pipeline.php(183): Illuminate\\Foundation\\Http\\Middleware\\ValidatePostSize->handle()
#39 /media/tinkin/tinkin/laravel/projects/gestions-comptes/vendor/laravel/framework/src/Illuminate/Foundation/Http/Middleware/PreventRequestsDuringMaintenance.php(99): Illuminate\\Pipeline\\Pipeline->{closure:{closure:Illuminate\\Pipeline\\Pipeline::carry():158}:159}()
#40 /media/tinkin/tinkin/laravel/projects/gestions-comptes/vendor/laravel/framework/src/Illuminate/Pipeline/Pipeline.php(183): Illuminate\\Foundation\\Http\\Middleware\\PreventRequestsDuringMaintenance->handle()
#41 /media/tinkin/tinkin/laravel/projects/gestions-comptes/vendor/laravel/framework/src/Illuminate/Http/Middleware/HandleCors.php(62): Illuminate\\Pipeline\\Pipeline->{closure:{closure:Illuminate\\Pipeline\\Pipeline::carry():158}:159}()
#42 /media/tinkin/tinkin/laravel/projects/gestions-comptes/vendor/laravel/framework/src/Illuminate/Pipeline/Pipeline.php(183): Illuminate\\Http\\Middleware\\HandleCors->handle()
#43 /media/tinkin/tinkin/laravel/projects/gestions-comptes/vendor/laravel/framework/src/Illuminate/Http/Middleware/TrustProxies.php(39): Illuminate\\Pipeline\\Pipeline->{closure:{closure:Illuminate\\Pipeline\\Pipeline::carry():158}:159}()
#44 /media/tinkin/tinkin/laravel/projects/gestions-comptes/vendor/laravel/framework/src/Illuminate/Pipeline/Pipeline.php(183): Illuminate\\Http\\Middleware\\TrustProxies->handle()
#45 /media/tinkin/tinkin/laravel/projects/gestions-comptes/vendor/laravel/framework/src/Illuminate/Pipeline/Pipeline.php(119): Illuminate\\Pipeline\\Pipeline->{closure:{closure:Illuminate\\Pipeline\\Pipeline::carry():158}:159}()
#46 /media/tinkin/tinkin/laravel/projects/gestions-comptes/vendor/laravel/framework/src/Illuminate/Foundation/Http/Kernel.php(175): Illuminate\\Pipeline\\Pipeline->then()
#47 /media/tinkin/tinkin/laravel/projects/gestions-comptes/vendor/laravel/framework/src/Illuminate/Foundation/Http/Kernel.php(144): Illuminate\\Foundation\\Http\\Kernel->sendRequestThroughRouter()
#48 /media/tinkin/tinkin/laravel/projects/gestions-comptes/public/index.php(51): Illuminate\\Foundation\\Http\\Kernel->handle()
#49 /media/tinkin/tinkin/laravel/projects/gestions-comptes/vendor/laravel/framework/src/Illuminate/Foundation/resources/server.php(16): require_once('...')
#50 {main}
"} 
[2025-10-23 17:48:54] local.ERROR: Please provide a valid cache path. {"exception":"[object] (InvalidArgumentException(code: 0): Please provide a valid cache path. at /media/tinkin/tinkin/laravel/projects/gestions-comptes/vendor/laravel/framework/src/Illuminate/View/Compilers/Compiler.php:67)
[stacktrace]
#0 /media/tinkin/tinkin/laravel/projects/gestions-comptes/vendor/laravel/framework/src/Illuminate/View/ViewServiceProvider.php(97): Illuminate\\View\\Compilers\\Compiler->__construct()
#1 /media/tinkin/tinkin/laravel/projects/gestions-comptes/vendor/laravel/framework/src/Illuminate/Container/Container.php(908): Illuminate\\View\\ViewServiceProvider->{closure:Illuminate\\View\\ViewServiceProvider::registerBladeCompiler():96}()
#2 /media/tinkin/tinkin/laravel/projects/gestions-comptes/vendor/laravel/framework/src/Illuminate/Container/Container.php(795): Illuminate\\Container\\Container->build()
#3 /media/tinkin/tinkin/laravel/projects/gestions-comptes/vendor/laravel/framework/src/Illuminate/Foundation/Application.php(986): Illuminate\\Container\\Container->resolve()
#4 /media/tinkin/tinkin/laravel/projects/gestions-comptes/vendor/laravel/framework/src/Illuminate/Container/Container.php(731): Illuminate\\Foundation\\Application->resolve()
#5 /media/tinkin/tinkin/laravel/projects/gestions-comptes/vendor/laravel/framework/src/Illuminate/Foundation/Application.php(971): Illuminate\\Container\\Container->make()
#6 /media/tinkin/tinkin/laravel/projects/gestions-comptes/vendor/laravel/framework/src/Illuminate/View/ViewServiceProvider.php(168): Illuminate\\Foundation\\Application->make()
#7 [internal function]: Illuminate\\View\\ViewServiceProvider->{closure:Illuminate\\View\\ViewServiceProvider::registerBladeEngine():164}()
#8 /media/tinkin/tinkin/laravel/projects/gestions-comptes/vendor/laravel/framework/src/Illuminate/View/Engines/EngineResolver.php(55): call_user_func()
#9 /media/tinkin/tinkin/laravel/projects/gestions-comptes/vendor/laravel/framework/src/Illuminate/View/Factory.php(310): Illuminate\\View\\Engines\\EngineResolver->resolve()
#10 /media/tinkin/tinkin/laravel/projects/gestions-comptes/vendor/laravel/framework/src/Illuminate/View/Factory.php(274): Illuminate\\View\\Factory->getEngineFromPath()
#11 /media/tinkin/tinkin/laravel/projects/gestions-comptes/vendor/laravel/framework/src/Illuminate/View/Factory.php(146): Illuminate\\View\\Factory->viewInstance()
#12 /media/tinkin/tinkin/laravel/projects/gestions-comptes/vendor/laravel/framework/src/Illuminate/Foundation/helpers.php(1020): Illuminate\\View\\Factory->make()
#13 /media/tinkin/tinkin/laravel/projects/gestions-comptes/vendor/darkaonline/l5-swagger/src/Http/Controllers/SwaggerController.php(120): view()
#14 /media/tinkin/tinkin/laravel/projects/gestions-comptes/vendor/laravel/framework/src/Illuminate/Routing/Controller.php(54): L5Swagger\\Http\\Controllers\\SwaggerController->api()
#15 /media/tinkin/tinkin/laravel/projects/gestions-comptes/vendor/laravel/framework/src/Illuminate/Routing/ControllerDispatcher.php(43): Illuminate\\Routing\\Controller->callAction()
#16 /media/tinkin/tinkin/laravel/projects/gestions-comptes/vendor/laravel/framework/src/Illuminate/Routing/Route.php(259): Illuminate\\Routing\\ControllerDispatcher->dispatch()
#17 /media/tinkin/tinkin/laravel/projects/gestions-comptes/vendor/laravel/framework/src/Illuminate/Routing/Route.php(205): Illuminate\\Routing\\Route->runController()
#18 /media/tinkin/tinkin/laravel/projects/gestions-comptes/vendor/laravel/framework/src/Illuminate/Routing/Router.php(806): Illuminate\\Routing\\Route->run()
#19 /media/tinkin/tinkin/laravel/projects/gestions-comptes/vendor/laravel/framework/src/Illuminate/Pipeline/Pipeline.php(144): Illuminate\\Routing\\Router->{closure:Illuminate\\Routing\\Router::runRouteWithinStack():805}()
#20 /media/tinkin/tinkin/laravel/projects/gestions-comptes/vendor/darkaonline/l5-swagger/src/Http/Middleware/Config.php(44): Illuminate\\Pipeline\\Pipeline->{closure:Illuminate\\Pipeline\\Pipeline::prepareDestination():142}()
#21 /media/tinkin/tinkin/laravel/projects/gestions-comptes/vendor/laravel/framework/src/Illuminate/Pipeline/Pipeline.php(183): L5Swagger\\Http\\Middleware\\Config->handle()
#22 /media/tinkin/tinkin/laravel/projects/gestions-comptes/vendor/laravel/framework/src/Illuminate/Pipeline/Pipeline.php(119): Illuminate\\Pipeline\\Pipeline->{closure:{closure:Illuminate\\Pipeline\\Pipeline::carry():158}:159}()
#23 /media/tinkin/tinkin/laravel/projects/gestions-comptes/vendor/laravel/framework/src/Illuminate/Routing/Router.php(805): Illuminate\\Pipeline\\Pipeline->then()
#24 /media/tinkin/tinkin/laravel/projects/gestions-comptes/vendor/laravel/framework/src/Illuminate/Routing/Router.php(784): Illuminate\\Routing\\Router->runRouteWithinStack()
#25 /media/tinkin/tinkin/laravel/projects/gestions-comptes/vendor/laravel/framework/src/Illuminate/Routing/Router.php(748): Illuminate\\Routing\\Router->runRoute()
#26 /media/tinkin/tinkin/laravel/projects/gestions-comptes/vendor/laravel/framework/src/Illuminate/Routing/Router.php(737): Illuminate\\Routing\\Router->dispatchToRoute()
#27 /media/tinkin/tinkin/laravel/projects/gestions-comptes/vendor/laravel/framework/src/Illuminate/Foundation/Http/Kernel.php(200): Illuminate\\Routing\\Router->dispatch()
#28 /media/tinkin/tinkin/laravel/projects/gestions-comptes/vendor/laravel/framework/src/Illuminate/Pipeline/Pipeline.php(144): Illuminate\\Foundation\\Http\\Kernel->{closure:Illuminate\\Foundation\\Http\\Kernel::dispatchToRouter():197}()
#29 /media/tinkin/tinkin/laravel/projects/gestions-comptes/vendor/barryvdh/laravel-debugbar/src/Middleware/InjectDebugbar.php(66): Illuminate\\Pipeline\\Pipeline->{closure:Illuminate\\Pipeline\\Pipeline::prepareDestination():142}()
#30 /media/tinkin/tinkin/laravel/projects/gestions-comptes/vendor/laravel/framework/src/Illuminate/Pipeline/Pipeline.php(183): Barryvdh\\Debugbar\\Middleware\\InjectDebugbar->handle()
#31 /media/tinkin/tinkin/laravel/projects/gestions-comptes/vendor/laravel/framework/src/Illuminate/Foundation/Http/Middleware/TransformsRequest.php(21): Illuminate\\Pipeline\\Pipeline->{closure:{closure:Illuminate\\Pipeline\\Pipeline::carry():158}:159}()
#32 /media/tinkin/tinkin/laravel/projects/gestions-comptes/vendor/laravel/framework/src/Illuminate/Foundation/Http/Middleware/ConvertEmptyStringsToNull.php(31): Illuminate\\Foundation\\Http\\Middleware\\TransformsRequest->handle()
#33 /media/tinkin/tinkin/laravel/projects/gestions-comptes/vendor/laravel/framework/src/Illuminate/Pipeline/Pipeline.php(183): Illuminate\\Foundation\\Http\\Middleware\\ConvertEmptyStringsToNull->handle()
#34 /media/tinkin/tinkin/laravel/projects/gestions-comptes/vendor/laravel/framework/src/Illuminate/Foundation/Http/Middleware/TransformsRequest.php(21): Illuminate\\Pipeline\\Pipeline->{closure:{closure:Illuminate\\Pipeline\\Pipeline::carry():158}:159}()
#35 /media/tinkin/tinkin/laravel/projects/gestions-comptes/vendor/laravel/framework/src/Illuminate/Foundation/Http/Middleware/TrimStrings.php(40): Illuminate\\Foundation\\Http\\Middleware\\TransformsRequest->handle()
#36 /media/tinkin/tinkin/laravel/projects/gestions-comptes/vendor/laravel/framework/src/Illuminate/Pipeline/Pipeline.php(183): Illuminate\\Foundation\\Http\\Middleware\\TrimStrings->handle()
#37 /media/tinkin/tinkin/laravel/projects/gestions-comptes/vendor/laravel/framework/src/Illuminate/Foundation/Http/Middleware/ValidatePostSize.php(27): Illuminate\\Pipeline\\Pipeline->{closure:{closure:Illuminate\\Pipeline\\Pipeline::carry():158}:159}()
#38 /media/tinkin/tinkin/laravel/projects/gestions-comptes/vendor/laravel/framework/src/Illuminate/Pipeline/Pipeline.php(183): Illuminate\\Foundation\\Http\\Middleware\\ValidatePostSize->handle()
#39 /media/tinkin/tinkin/laravel/projects/gestions-comptes/vendor/laravel/framework/src/Illuminate/Foundation/Http/Middleware/PreventRequestsDuringMaintenance.php(99): Illuminate\\Pipeline\\Pipeline->{closure:{closure:Illuminate\\Pipeline\\Pipeline::carry():158}:159}()
#40 /media/tinkin/tinkin/laravel/projects/gestions-comptes/vendor/laravel/framework/src/Illuminate/Pipeline/Pipeline.php(183): Illuminate\\Foundation\\Http\\Middleware\\PreventRequestsDuringMaintenance->handle()
#41 /media/tinkin/tinkin/laravel/projects/gestions-comptes/vendor/laravel/framework/src/Illuminate/Http/Middleware/HandleCors.php(62): Illuminate\\Pipeline\\Pipeline->{closure:{closure:Illuminate\\Pipeline\\Pipeline::carry():158}:159}()
#42 /media/tinkin/tinkin/laravel/projects/gestions-comptes/vendor/laravel/framework/src/Illuminate/Pipeline/Pipeline.php(183): Illuminate\\Http\\Middleware\\HandleCors->handle()
#43 /media/tinkin/tinkin/laravel/projects/gestions-comptes/vendor/laravel/framework/src/Illuminate/Http/Middleware/TrustProxies.php(39): Illuminate\\Pipeline\\Pipeline->{closure:{closure:Illuminate\\Pipeline\\Pipeline::carry():158}:159}()
#44 /media/tinkin/tinkin/laravel/projects/gestions-comptes/vendor/laravel/framework/src/Illuminate/Pipeline/Pipeline.php(183): Illuminate\\Http\\Middleware\\TrustProxies->handle()
#45 /media/tinkin/tinkin/laravel/projects/gestions-comptes/vendor/laravel/framework/src/Illuminate/Pipeline/Pipeline.php(119): Illuminate\\Pipeline\\Pipeline->{closure:{closure:Illuminate\\Pipeline\\Pipeline::carry():158}:159}()
#46 /media/tinkin/tinkin/laravel/projects/gestions-comptes/vendor/laravel/framework/src/Illuminate/Foundation/Http/Kernel.php(175): Illuminate\\Pipeline\\Pipeline->then()
#47 /media/tinkin/tinkin/laravel/projects/gestions-comptes/vendor/laravel/framework/src/Illuminate/Foundation/Http/Kernel.php(144): Illuminate\\Foundation\\Http\\Kernel->sendRequestThroughRouter()
#48 /media/tinkin/tinkin/laravel/projects/gestions-comptes/public/index.php(51): Illuminate\\Foundation\\Http\\Kernel->handle()
#49 /media/tinkin/tinkin/laravel/projects/gestions-comptes/vendor/laravel/framework/src/Illuminate/Foundation/resources/server.php(16): require_once('...')
#50 {main}
"} 
[2025-10-23 17:49:47] local.ERROR: View path not found. {"exception":"[object] (RuntimeException(code: 0): View path not found. at /media/tinkin/tinkin/laravel/projects/gestions-comptes/vendor/laravel/framework/src/Illuminate/Foundation/Console/ViewClearCommand.php:59)
[stacktrace]
#0 /media/tinkin/tinkin/laravel/projects/gestions-comptes/vendor/laravel/framework/src/Illuminate/Container/BoundMethod.php(36): Illuminate\\Foundation\\Console\\ViewClearCommand->handle()
#1 /media/tinkin/tinkin/laravel/projects/gestions-comptes/vendor/laravel/framework/src/Illuminate/Container/Util.php(41): Illuminate\\Container\\BoundMethod::{closure:Illuminate\\Container\\BoundMethod::call():35}()
#2 /media/tinkin/tinkin/laravel/projects/gestions-comptes/vendor/laravel/framework/src/Illuminate/Container/BoundMethod.php(93): Illuminate\\Container\\Util::unwrapIfClosure()
#3 /media/tinkin/tinkin/laravel/projects/gestions-comptes/vendor/laravel/framework/src/Illuminate/Container/BoundMethod.php(35): Illuminate\\Container\\BoundMethod::callBoundMethod()
#4 /media/tinkin/tinkin/laravel/projects/gestions-comptes/vendor/laravel/framework/src/Illuminate/Container/Container.php(662): Illuminate\\Container\\BoundMethod::call()
#5 /media/tinkin/tinkin/laravel/projects/gestions-comptes/vendor/laravel/framework/src/Illuminate/Console/Command.php(211): Illuminate\\Container\\Container->call()
#6 /media/tinkin/tinkin/laravel/projects/gestions-comptes/vendor/symfony/console/Command/Command.php(326): Illuminate\\Console\\Command->execute()
#7 /media/tinkin/tinkin/laravel/projects/gestions-comptes/vendor/laravel/framework/src/Illuminate/Console/Command.php(180): Symfony\\Component\\Console\\Command\\Command->run()
#8 /media/tinkin/tinkin/laravel/projects/gestions-comptes/vendor/symfony/console/Application.php(1096): Illuminate\\Console\\Command->run()
#9 /media/tinkin/tinkin/laravel/projects/gestions-comptes/vendor/symfony/console/Application.php(324): Symfony\\Component\\Console\\Application->doRunCommand()
#10 /media/tinkin/tinkin/laravel/projects/gestions-comptes/vendor/symfony/console/Application.php(175): Symfony\\Component\\Console\\Application->doRun()
#11 /media/tinkin/tinkin/laravel/projects/gestions-comptes/vendor/laravel/framework/src/Illuminate/Foundation/Console/Kernel.php(201): Symfony\\Component\\Console\\Application->run()
#12 /media/tinkin/tinkin/laravel/projects/gestions-comptes/artisan(35): Illuminate\\Foundation\\Console\\Kernel->handle()
#13 {main}
"} 
[2025-10-23 17:50:01] local.ERROR: View path not found. {"exception":"[object] (RuntimeException(code: 0): View path not found. at /media/tinkin/tinkin/laravel/projects/gestions-comptes/vendor/laravel/framework/src/Illuminate/Foundation/Console/ViewClearCommand.php:59)
[stacktrace]
#0 /media/tinkin/tinkin/laravel/projects/gestions-comptes/vendor/laravel/framework/src/Illuminate/Container/BoundMethod.php(36): Illuminate\\Foundation\\Console\\ViewClearCommand->handle()
#1 /media/tinkin/tinkin/laravel/projects/gestions-comptes/vendor/laravel/framework/src/Illuminate/Container/Util.php(41): Illuminate\\Container\\BoundMethod::{closure:Illuminate\\Container\\BoundMethod::call():35}()
#2 /media/tinkin/tinkin/laravel/projects/gestions-comptes/vendor/laravel/framework/src/Illuminate/Container/BoundMethod.php(93): Illuminate\\Container\\Util::unwrapIfClosure()
#3 /media/tinkin/tinkin/laravel/projects/gestions-comptes/vendor/laravel/framework/src/Illuminate/Container/BoundMethod.php(35): Illuminate\\Container\\BoundMethod::callBoundMethod()
#4 /media/tinkin/tinkin/laravel/projects/gestions-comptes/vendor/laravel/framework/src/Illuminate/Container/Container.php(662): Illuminate\\Container\\BoundMethod::call()
#5 /media/tinkin/tinkin/laravel/projects/gestions-comptes/vendor/laravel/framework/src/Illuminate/Console/Command.php(211): Illuminate\\Container\\Container->call()
#6 /media/tinkin/tinkin/laravel/projects/gestions-comptes/vendor/symfony/console/Command/Command.php(326): Illuminate\\Console\\Command->execute()
#7 /media/tinkin/tinkin/laravel/projects/gestions-comptes/vendor/laravel/framework/src/Illuminate/Console/Command.php(180): Symfony\\Component\\Console\\Command\\Command->run()
#8 /media/tinkin/tinkin/laravel/projects/gestions-comptes/vendor/symfony/console/Application.php(1096): Illuminate\\Console\\Command->run()
#9 /media/tinkin/tinkin/laravel/projects/gestions-comptes/vendor/symfony/console/Application.php(324): Symfony\\Component\\Console\\Application->doRunCommand()
#10 /media/tinkin/tinkin/laravel/projects/gestions-comptes/vendor/symfony/console/Application.php(175): Symfony\\Component\\Console\\Application->doRun()
#11 /media/tinkin/tinkin/laravel/projects/gestions-comptes/vendor/laravel/framework/src/Illuminate/Foundation/Console/Kernel.php(201): Symfony\\Component\\Console\\Application->run()
#12 /media/tinkin/tinkin/laravel/projects/gestions-comptes/artisan(35): Illuminate\\Foundation\\Console\\Kernel->handle()
#13 {main}
"} 
